Date,ALL,Hokkaido,Aomori,Iwate,Miyagi,Akita,Yamagata,Fukushima,Ibaraki,Tochigi,Gunma,Saitama,Chiba,Tokyo,Kanagawa,Niigata,Toyama,Ishikawa,Fukui,Yamanashi,Nagano,Gifu,Shizuoka,Aichi,Mie,Shiga,Kyoto,Osaka,Hyogo,Nara,Wakayama,Tottori,Shimane,Okayama,Hiroshima,Yamaguchi,Tokushima,Kagawa,Ehime,Kochi,Fukuoka,Saga,Nagasaki,Kumamoto,Oita,Miyazaki,Kagoshima,Okinawa
2020/5/9,0,0,0,0,0,0,0,0,0,0,0,0,0,0,0,0,0,0,0,0,0,0,0,0,0,0,0,0,0,0,0,0,0,0,0,0,0,0,0,0,0,0,0,0,0,0,0,0
2020/5/10,8,3,0,0,0,0,0,0,0,0,0,1,1,0,0,0,0,0,0,0,0,0,0,0,0,0,0,0,2,0,0,0,0,0,0,0,1,0,0,0,0,0,0,0,0,0,0,0
2020/5/11,22,5,0,0,0,0,0,0,0,0,0,0,0,9,3,0,1,1,0,0,0,0,0,0,0,0,0,2,0,0,1,0,0,0,0,0,0,0,0,0,0,0,0,0,0,0,0,0
2020/5/12,25,6,0,0,0,0,0,0,0,0,0,1,0,7,7,0,1,2,0,0,0,0,0,0,0,0,0,0,0,0,0,0,0,0,0,0,0,0,0,0,0,0,0,0,0,0,0,1
2020/5/13,19,6,0,0,0,0,0,0,0,0,0,1,0,7,2,0,1,0,0,0,0,0,0,0,0,0,0,1,1,0,0,0,0,0,0,0,0,0,0,0,0,0,0,0,0,0,0,0
2020/5/14,23,2,0,0,0,0,0,0,0,0,0,1,0,9,3,0,2,1,0,0,0,1,0,0,0,0,0,1,2,0,0,0,0,0,0,0,0,0,0,0,1,0,0,0,0,0,0,0
2020/5/15,15,2,0,0,0,0,0,0,0,0,0,0,2,7,1,0,0,0,0,0,0,0,0,0,0,0,0,3,0,0,0,0,0,0,0,0,0,0,0,0,0,0,0,0,0,0,0,0
2020/5/16,19,1,0,0,0,0,0,0,0,0,0,1,0,11,0,0,0,1,0,0,0,0,0,0,0,0,0,4,1,0,0,0,0,0,0,0,0,0,0,0,0,0,0,0,0,0,0,0
2020/5/17,5,1,0,0,0,0,0,0,0,0,0,0,0,7,0,0,0,0,0,0,0,0,0,0,0,0,0,0,0,0,0,0,0,0,0,0,0,0,0,0,0,0,0,-3,0,0,0,0
2020/5/18,14,1,1,0,0,0,0,0,0,0,0,0,0,4,1,0,2,1,0,0,0,0,0,0,0,0,1,0,0,0,0,0,0,0,0,0,0,0,0,0,0,0,0,3,0,0,0,0
2020/5/19,8,1,0,0,0,0,0,0,0,0,0,0,0,3,4,0,0,0,0,0,0,0,0,0,0,0,0,0,0,0,0,0,0,0,0,0,0,0,0,0,0,0,0,0,0,0,0,0
2020/5/20,6,1,0,0,0,0,0,0,0,0,1,0,0,3,0,0,0,0,0,0,0,0,0,0,0,0,0,1,0,0,0,0,0,0,0,0,0,0,0,0,0,0,0,0,0,0,0,0
2020/5/21,19,0,0,0,0,0,0,0,0,0,0,0,2,9,1,0,1,0,0,0,0,0,0,0,0,0,0,5,0,0,0,0,0,0,0,0,0,0,1,0,0,0,0,0,0,0,0,0
2020/5/22,12,1,0,0,0,0,0,0,0,0,0,0,0,7,2,0,0,2,0,0,0,0,0,0,0,0,0,0,0,0,0,0,0,0,0,0,0,0,0,0,0,0,0,0,0,0,0,0
2020/5/23,12,0,0,0,0,0,0,0,0,0,0,0,0,8,0,0,0,0,0,0,0,0,0,0,0,0,0,2,2,0,0,0,0,0,0,0,0,0,0,0,0,0,0,0,0,0,0,0
2020/5/24,10,1,0,0,0,0,0,0,0,0,0,0,0,9,0,0,0,0,0,0,0,0,0,0,0,0,0,0,0,0,0,0,0,0,0,0,0,0,0,0,0,0,0,0,0,0,0,0
2020/5/25,16,2,0,0,0,0,0,0,0,0,0,1,0,8,2,0,0,0,0,1,0,0,0,0,0,0,1,0,0,0,0,0,0,0,1,0,0,0,0,0,0,0,0,0,0,0,0,0
2020/5/26,12,2,0,0,0,0,0,0,1,0,0,0,0,4,3,0,0,0,0,0,0,0,0,0,0,0,0,2,0,0,0,0,0,0,0,0,0,0,0,0,0,0,0,0,0,0,0,0
2020/5/27,9,1,0,0,0,0,0,0,0,0,0,0,0,4,2,0,1,0,0,0,0,0,0,0,0,0,1,0,0,0,0,0,0,0,0,0,0,0,0,0,0,0,0,0,0,0,0,0
2020/5/28,7,1,0,0,0,0,0,0,0,0,0,0,1,3,0,0,0,0,0,0,0,0,0,0,0,0,0,2,0,0,0,0,0,0,0,0,0,0,0,0,0,0,0,0,0,0,0,0
2020/5/29,12,1,0,0,0,0,0,0,0,0,0,1,0,3,4,0,0,0,0,0,0,0,0,0,0,0,1,0,1,0,0,0,0,0,0,0,0,0,0,0,1,0,0,0,0,0,0,0
2020/5/30,5,0,0,0,0,0,0,0,0,0,0,0,0,2,0,0,0,1,0,0,0,0,0,0,0,0,0,1,1,0,0,0,0,0,0,0,0,0,0,0,0,0,0,0,0,0,0,0
2020/5/31,1,0,0,0,0,0,0,0,0,0,0,0,0,1,0,0,0,0,0,0,0,0,0,0,0,0,0,0,0,0,0,0,0,0,0,0,0,0,0,0,0,0,0,0,0,0,0,0
2020/6/1,2,0,0,0,0,0,0,0,0,0,0,0,0,0,2,0,0,0,0,0,0,0,0,0,0,0,0,0,0,0,0,0,0,0,0,0,0,0,0,0,0,0,0,0,0,0,0,0
2020/6/2,6,1,0,0,0,0,0,0,0,0,0,0,0,1,2,0,0,0,0,0,0,0,0,0,0,0,0,1,0,0,0,0,0,0,0,0,0,0,0,0,1,0,0,0,0,0,0,0
2020/6/3,3,0,0,0,0,0,0,0,0,0,0,1,0,0,0,0,0,1,0,0,0,0,0,0,0,0,0,0,0,0,0,0,0,0,0,0,0,0,0,0,0,0,0,0,0,0,0,1
2020/6/4,4,1,0,0,0,0,0,0,0,0,0,1,0,1,1,0,0,0,0,0,0,0,0,0,0,0,0,0,0,0,0,0,0,0,0,0,0,0,0,0,0,0,0,0,0,0,0,0
2020/6/5,7,2,0,0,0,0,0,0,0,0,0,1,0,2,0,0,0,1,0,0,0,0,0,0,0,0,1,0,0,0,0,0,0,0,0,0,0,0,0,0,0,0,0,0,0,0,0,0
2020/6/6,2,0,0,0,0,0,0,0,0,0,0,0,0,2,0,0,0,0,0,0,0,0,0,0,0,0,0,0,0,0,0,0,0,0,0,0,0,0,0,0,0,0,0,0,0,0,0,0
2020/6/7,0,0,0,0,0,0,0,0,0,0,0,0,0,0,0,0,0,0,0,0,0,0,0,0,0,0,0,0,0,0,0,0,0,0,0,0,0,0,0,0,0,0,0,0,0,0,0,0
2020/6/8,0,0,0,0,0,0,0,0,0,0,0,0,0,0,0,0,0,0,0,0,0,0,0,0,0,0,0,0,0,0,0,0,0,0,0,0,0,0,0,0,0,0,0,0,0,0,0,0
2020/6/9,3,1,0,0,0,0,0,0,0,0,0,0,0,0,1,0,0,0,0,0,0,0,0,0,0,0,0,0,1,0,0,0,0,0,0,0,0,0,0,0,0,0,0,0,0,0,0,0
2020/6/10,1,0,0,0,0,0,0,0,0,0,0,0,0,0,1,0,0,0,0,0,0,0,0,0,0,0,0,0,0,0,0,0,0,0,0,0,0,0,0,0,0,0,0,0,0,0,0,0
2020/6/11,2,0,0,0,0,0,0,0,0,0,0,0,0,0,0,0,0,0,0,0,0,0,0,0,0,0,0,1,0,0,0,0,0,0,0,0,0,0,0,0,1,0,0,0,0,0,0,0
2020/6/12,2,0,0,0,0,0,0,0,0,0,0,0,0,2,0,0,0,0,0,0,0,0,0,0,0,0,0,0,0,0,0,0,0,0,0,0,0,0,0,0,0,0,0,0,0,0,0,0
2020/6/13,1,0,0,0,0,0,0,0,0,0,0,0,0,1,0,0,0,0,0,0,0,0,0,0,0,0,0,0,0,0,0,0,0,0,0,0,0,0,0,0,0,0,0,0,0,0,0,0
2020/6/14,0,0,0,0,0,0,0,0,0,0,0,0,0,0,0,0,0,0,0,0,0,0,0,0,0,0,0,0,0,0,0,0,0,0,0,0,0,0,0,0,0,0,0,0,0,0,0,0
2020/6/15,2,0,0,0,0,0,0,0,0,0,0,1,0,0,1,0,0,0,0,0,0,0,0,0,0,0,0,0,0,0,0,0,0,0,0,0,0,0,0,0,0,0,0,0,0,0,0,0
2020/6/16,4,0,0,0,0,0,0,0,0,0,0,0,0,2,1,0,0,0,0,0,0,0,0,0,0,0,0,1,0,0,0,0,0,0,0,0,0,0,0,0,0,0,0,0,0,0,0,0
2020/6/17,4,1,0,0,0,0,0,0,0,0,0,0,0,1,2,0,0,0,0,0,0,0,0,0,0,0,0,0,0,0,0,0,0,0,0,0,0,0,0,0,0,0,0,0,0,0,0,0
2020/6/18,0,0,0,0,0,0,0,0,0,0,0,0,0,0,0,0,0,0,0,0,0,0,0,0,0,0,0,0,0,0,0,0,0,0,0,0,0,0,0,0,0,0,0,0,0,0,0,0
2020/6/19,17,1,0,0,0,0,0,0,0,0,0,13,0,3,0,0,0,0,0,0,0,0,0,0,0,0,0,0,0,0,0,0,0,0,0,0,0,0,0,0,0,0,0,0,0,0,0,0
2020/6/20,1,1,0,0,0,0,0,0,0,0,0,0,0,0,0,0,0,0,0,0,0,0,0,0,0,0,0,0,0,0,0,0,0,0,0,0,0,0,0,0,0,0,0,0,0,0,0,0
2020/6/21,0,0,0,0,0,0,0,0,0,0,0,0,0,0,0,0,0,0,0,0,0,0,0,0,0,0,0,0,0,0,0,0,0,0,0,0,0,0,0,0,0,0,0,0,0,0,0,0
2020/6/22,2,1,0,0,0,0,0,0,0,0,0,0,0,1,0,0,0,0,0,0,0,0,0,0,0,0,0,0,0,0,0,0,0,0,0,0,0,0,0,0,0,0,0,0,0,0,0,0
2020/6/23,8,0,0,0,0,0,0,0,0,0,0,0,0,2,1,0,0,0,0,0,0,0,0,0,0,0,0,0,0,0,0,0,0,0,0,0,0,0,0,0,5,0,0,0,0,0,0,0
2020/6/24,4,2,0,0,0,0,0,0,0,0,0,0,0,2,0,0,0,0,0,0,0,0,0,0,0,0,0,0,0,0,0,0,0,0,0,0,0,0,0,0,0,0,0,0,0,0,0,0
2020/6/25,1,1,0,0,0,0,0,0,0,0,0,0,0,0,0,0,0,0,0,0,0,0,0,0,0,0,0,0,0,0,0,0,0,0,0,0,0,0,0,0,0,0,0,0,0,0,0,0
2020/6/26,2,0,0,0,0,0,0,0,0,0,0,0,0,0,2,0,0,0,0,0,0,0,0,0,0,0,0,0,0,0,0,0,0,0,0,0,0,0,0,0,0,0,0,0,0,0,0,0
2020/6/27,0,0,0,0,0,0,0,0,0,0,0,0,0,0,0,0,0,0,0,0,0,0,0,0,0,0,0,0,0,0,0,0,0,0,0,0,0,0,0,0,0,0,0,0,0,0,0,0
2020/6/28,1,1,0,0,0,0,0,0,0,0,0,0,0,0,0,0,0,0,0,0,0,0,0,0,0,0,0,0,0,0,0,0,0,0,0,0,0,0,0,0,0,0,0,0,0,0,0,0
2020/6/29,0,0,0,0,0,0,0,0,0,0,0,0,0,0,0,0,0,0,0,0,0,0,0,0,0,0,0,0,0,0,0,0,0,0,0,0,0,0,0,0,0,0,0,0,0,0,0,0
2020/6/30,2,0,0,0,0,0,0,0,0,0,0,0,0,0,0,0,0,0,0,0,0,0,0,0,0,0,0,0,2,0,0,0,0,0,0,0,0,0,0,0,0,0,0,0,0,0,0,0
2020/7/1,1,0,0,0,0,0,0,0,0,0,0,0,0,0,0,0,0,0,0,0,0,0,0,0,0,0,0,0,0,0,0,0,0,0,0,0,0,0,1,0,0,0,0,0,0,0,0,0
2020/7/2,1,1,0,0,0,0,0,0,0,0,0,0,0,0,0,0,0,0,0,0,0,0,0,0,0,0,0,0,0,0,0,0,0,0,0,0,0,0,0,0,0,0,0,0,0,0,0,0
2020/7/3,1,1,0,0,0,0,0,0,0,0,0,0,0,0,0,0,0,0,0,0,0,0,0,0,0,0,0,0,0,0,0,0,0,0,0,0,0,0,0,0,0,0,0,0,0,0,0,0
2020/7/4,0,0,0,0,0,0,0,0,0,0,0,0,0,0,0,0,0,0,0,0,0,0,0,0,0,0,0,0,0,0,0,0,0,0,0,0,0,0,0,0,0,0,0,0,0,0,0,0
2020/7/5,0,0,0,0,0,0,0,0,0,0,0,0,0,0,0,0,0,0,0,0,0,0,0,0,0,0,0,0,0,0,0,0,0,0,0,0,0,0,0,0,0,0,0,0,0,0,0,0
2020/7/6,1,0,0,0,0,0,0,0,0,0,0,1,0,0,0,0,0,0,0,0,0,0,0,0,0,0,0,0,0,0,0,0,0,0,0,0,0,0,0,0,0,0,0,0,0,0,0,0
2020/7/7,2,0,0,0,0,0,0,0,0,0,0,1,1,0,0,0,0,0,0,0,0,0,0,0,0,0,0,0,0,0,0,0,0,0,0,0,0,0,0,0,0,0,0,0,0,0,0,0
2020/7/8,1,0,0,0,0,0,1,0,0,0,0,0,0,0,0,0,0,0,0,0,0,0,0,0,0,0,0,0,0,0,0,0,0,0,0,0,0,0,0,0,0,0,0,0,0,0,0,0
2020/7/9,1,0,0,0,0,0,0,0,0,0,0,0,0,0,1,0,0,0,0,0,0,0,0,0,0,0,0,0,0,0,0,0,0,0,0,0,0,0,0,0,0,0,0,0,0,0,0,0
2020/7/10,0,0,0,0,0,0,0,0,0,0,0,0,0,0,0,0,0,0,0,0,0,0,0,0,0,0,0,0,0,0,0,0,0,0,0,0,0,0,0,0,0,0,0,0,0,0,0,0
2020/7/11,0,0,0,0,0,0,0,0,0,0,0,0,0,0,0,0,0,0,0,0,0,0,0,0,0,0,0,0,0,0,0,0,0,0,0,0,0,0,0,0,0,0,0,0,0,0,0,0
2020/7/12,0,0,0,0,0,0,0,0,0,0,0,0,0,0,0,0,0,0,0,0,0,0,0,0,0,0,0,0,0,0,0,0,0,0,0,0,0,0,0,0,0,0,0,0,0,0,0,0
2020/7/13,0,0,0,0,0,0,0,0,0,0,0,0,0,0,0,0,0,0,0,0,0,0,0,0,0,0,0,0,0,0,0,0,0,0,0,0,0,0,0,0,0,0,0,0,0,0,0,0
2020/7/14,2,1,0,0,0,0,0,0,0,0,0,0,0,0,1,0,0,0,0,0,0,0,0,0,0,0,0,0,0,0,0,0,0,0,0,0,0,0,0,0,0,0,0,0,0,0,0,0
2020/7/15,1,0,0,0,0,0,0,0,0,0,0,0,0,1,0,0,0,0,0,0,0,0,0,0,0,0,0,0,0,0,0,0,0,0,0,0,0,0,0,0,0,0,0,0,0,0,0,0
2020/7/16,0,0,0,0,0,0,0,0,0,0,0,0,0,0,0,0,0,0,0,0,0,0,0,0,0,0,0,0,0,0,0,0,0,0,0,0,0,0,0,0,0,0,0,0,0,0,0,0
2020/7/17,0,0,0,0,0,0,0,0,0,0,0,0,0,0,0,0,0,0,0,0,0,0,0,0,0,0,0,0,0,0,0,0,0,0,0,0,0,0,0,0,0,0,0,0,0,0,0,0
2020/7/18,0,0,0,0,0,0,0,0,0,0,0,0,0,0,0,0,0,0,0,0,0,0,0,0,0,0,0,0,0,0,0,0,0,0,0,0,0,0,0,0,0,0,0,0,0,0,0,0
2020/7/19,0,0,0,0,0,0,0,0,0,0,0,0,0,0,0,0,0,0,0,0,0,0,0,0,0,0,0,0,0,0,0,0,0,0,0,0,0,0,0,0,0,0,0,0,0,0,0,0
2020/7/20,3,0,0,0,0,0,0,0,0,0,0,2,0,1,0,0,0,0,0,0,0,0,0,0,0,0,0,0,0,0,0,0,0,0,0,0,0,0,0,0,0,0,0,0,0,0,0,0
2020/7/21,1,0,0,0,0,0,0,0,0,0,0,1,0,0,0,0,0,0,0,0,0,0,0,0,0,0,0,0,0,0,0,0,0,0,0,0,0,0,0,0,0,0,0,0,0,0,0,0
2020/7/22,1,0,0,0,0,0,0,0,0,0,0,0,0,0,0,0,0,0,0,0,0,0,0,1,0,0,0,0,0,0,0,0,0,0,0,0,0,0,0,0,0,0,0,0,0,0,0,0
2020/7/23,2,1,0,0,0,0,0,0,0,0,0,1,0,0,0,0,0,0,0,0,0,0,0,0,0,0,0,0,0,0,0,0,0,0,0,0,0,0,0,0,0,0,0,0,0,0,0,0
2020/7/24,1,0,0,0,0,0,0,0,0,0,0,0,0,0,0,0,0,0,0,0,0,0,0,0,0,0,0,1,0,0,0,0,0,0,0,0,0,0,0,0,0,0,0,0,0,0,0,0
2020/7/25,3,0,0,0,0,0,0,0,0,0,0,1,0,1,0,0,0,0,0,0,0,0,0,0,0,0,0,0,0,0,0,0,0,0,0,0,0,0,0,0,0,0,1,0,0,0,0,0
2020/7/26,0,0,0,0,0,0,0,0,0,0,0,0,0,0,0,0,0,0,0,0,0,0,0,0,0,0,0,0,0,0,0,0,0,0,0,0,0,0,0,0,0,0,0,0,0,0,0,0
2020/7/27,2,0,0,0,0,0,0,0,0,0,0,0,0,0,0,0,0,0,0,0,0,0,0,0,0,0,1,1,0,0,0,0,0,0,0,0,0,0,0,0,0,0,0,0,0,0,0,0
2020/7/28,3,0,0,0,0,0,0,0,0,0,0,0,2,0,0,0,0,0,0,0,0,0,0,0,0,0,1,0,0,0,0,0,0,0,0,0,0,0,0,0,0,0,0,0,0,0,0,0
2020/7/29,3,0,0,0,0,0,0,0,0,0,0,1,0,1,0,0,0,0,0,0,0,0,0,0,0,0,0,1,0,0,0,0,0,0,0,0,0,0,0,0,0,0,0,0,0,0,0,0
2020/7/30,2,0,0,0,0,0,0,0,0,0,0,0,0,1,1,0,0,0,0,0,0,0,0,0,0,0,0,0,0,0,0,0,0,0,0,0,0,0,0,0,0,0,0,0,0,0,0,0
2020/7/31,5,0,0,0,0,0,0,0,0,0,0,1,1,2,0,0,0,0,0,0,0,0,0,0,0,0,0,1,0,0,0,0,0,0,0,0,0,0,0,0,0,0,0,0,0,0,0,0
2020/8/1,1,0,0,0,0,0,0,0,0,0,0,0,0,0,0,0,0,0,0,0,0,0,0,0,0,0,0,0,0,0,0,0,0,0,0,0,0,0,0,0,1,0,0,0,0,0,0,0
2020/8/2,0,0,0,0,0,0,0,0,0,0,0,0,0,0,0,0,0,0,0,0,0,0,0,0,0,0,0,0,0,0,0,0,0,0,0,0,0,0,0,0,0,0,0,0,0,0,0,0
2020/8/3,4,0,0,0,0,0,0,0,0,0,0,0,1,1,0,0,0,0,0,0,0,0,0,0,0,0,0,1,0,0,0,0,0,0,0,0,0,0,0,0,0,0,0,1,0,0,0,0
2020/8/4,6,0,0,0,0,0,0,0,0,0,0,2,0,0,0,0,0,0,0,0,0,0,0,0,0,0,0,1,0,0,0,0,0,0,0,0,0,0,0,0,1,0,0,0,0,0,2,0
2020/8/5,4,0,0,0,0,0,0,0,0,0,0,1,1,0,0,0,0,0,0,0,0,0,0,0,0,0,1,0,0,0,0,0,0,0,0,0,0,0,0,0,0,0,0,1,0,0,0,0
2020/8/6,7,0,0,0,0,0,0,0,0,0,0,2,0,0,1,0,0,0,0,0,0,0,0,2,0,0,0,1,1,0,0,0,0,0,0,0,0,0,0,0,0,0,0,0,0,0,0,0
2020/8/7,4,0,0,0,0,0,0,0,0,0,0,0,1,0,1,0,0,0,0,0,0,0,0,0,0,0,0,0,1,0,0,0,0,0,0,0,0,0,0,0,1,0,0,0,0,0,0,0
2020/8/8,3,0,0,0,0,0,0,0,0,0,0,0,0,0,0,0,0,0,0,0,0,0,0,0,0,0,0,2,0,0,0,0,0,0,0,0,0,0,0,0,0,0,1,0,0,0,0,0
2020/8/9,7,0,0,0,0,0,0,0,0,0,0,0,2,0,0,0,0,1,0,0,0,0,0,0,0,1,0,1,0,0,0,0,0,0,0,0,0,0,0,0,1,0,0,0,0,0,1,0
2020/8/10,5,0,0,0,0,0,0,0,0,0,0,0,0,1,0,0,0,0,0,0,0,0,0,0,0,0,0,0,0,0,1,0,0,0,0,0,0,0,0,0,0,0,0,0,0,0,0,3
2020/8/11,7,0,0,0,0,0,0,0,0,0,0,0,1,2,2,0,0,0,0,0,0,0,0,0,0,0,0,1,0,0,0,0,0,0,0,0,0,0,0,0,1,0,0,0,0,0,0,0
2020/8/12,4,0,0,0,0,0,0,0,0,0,0,1,0,0,1,0,0,0,0,0,0,0,0,0,0,1,0,1,0,0,0,0,0,0,0,0,0,0,0,0,0,0,0,0,0,0,0,0
2020/8/13,10,0,0,0,0,0,0,0,0,1,0,0,0,2,0,0,0,0,0,0,0,0,0,1,0,0,0,3,0,1,0,0,0,0,0,0,0,0,1,0,0,0,0,0,0,0,1,0
2020/8/14,12,0,0,0,0,0,0,0,0,0,0,0,1,0,1,0,0,0,0,0,0,0,0,1,0,0,0,5,0,0,0,0,0,0,0,0,0,1,0,0,1,0,0,0,0,1,0,1
2020/8/15,3,0,0,0,0,0,0,0,0,0,0,2,0,0,0,0,0,0,0,0,0,0,0,0,0,0,0,0,1,0,0,0,0,0,0,0,0,0,0,0,0,0,0,0,0,0,0,0
2020/8/16,11,0,0,0,0,0,0,0,0,0,0,0,0,2,0,0,0,1,0,0,0,0,0,4,0,1,0,0,0,0,0,0,0,0,0,0,0,0,0,0,0,0,0,1,0,0,0,2
2020/8/17,16,0,0,0,0,0,0,0,0,0,0,0,2,1,0,0,0,0,0,0,0,1,0,1,0,0,0,5,0,0,0,0,0,0,0,0,0,0,0,0,2,0,0,0,0,0,3,1
2020/8/18,13,0,0,0,0,0,0,0,0,0,0,0,0,3,0,0,0,0,0,0,0,0,0,1,1,0,0,6,0,0,0,0,0,0,0,0,0,0,0,0,1,0,0,1,0,0,0,0
2020/8/19,16,0,0,0,0,0,0,0,1,0,0,2,0,3,0,0,0,0,0,0,0,0,0,1,0,0,0,5,0,0,0,0,0,0,0,0,0,0,0,0,3,0,0,0,0,0,0,1
2020/8/20,11,0,0,0,1,0,0,0,0,0,0,1,0,1,0,0,0,1,0,0,0,0,0,2,0,0,0,1,0,0,0,0,0,0,0,0,0,0,0,0,1,0,0,0,0,0,1,2
2020/8/21,14,0,0,0,0,0,0,0,0,0,0,0,1,2,2,0,0,0,0,0,0,1,0,1,0,0,0,5,0,0,0,0,0,0,0,0,0,0,0,0,1,0,0,0,0,0,0,1
2020/8/22,7,0,0,0,0,0,0,0,0,0,0,1,0,0,0,0,1,0,0,0,0,0,0,3,0,0,0,1,1,0,0,0,0,0,0,0,0,0,0,0,0,0,0,0,0,0,0,0
2020/8/23,5,0,0,0,0,0,0,0,0,0,0,0,0,0,0,0,0,1,0,0,0,0,0,2,0,0,0,0,0,0,0,0,0,0,0,0,0,0,0,0,1,0,0,0,0,0,0,1
2020/8/24,15,0,0,0,0,0,0,0,0,0,0,0,0,2,1,0,0,0,0,0,0,0,0,3,0,0,0,2,0,0,0,0,0,0,0,0,0,0,0,0,2,0,0,0,0,0,1,4
2020/8/25,13,0,0,0,0,0,0,0,1,0,0,0,1,2,4,0,0,0,0,0,0,0,0,0,0,0,0,3,0,0,0,0,0,0,0,0,0,0,0,0,1,0,0,0,0,0,0,1
2020/8/26,17,0,0,0,0,0,0,0,0,0,0,0,1,2,3,0,0,0,0,0,0,0,0,1,0,0,1,2,0,2,0,0,0,0,0,0,1,0,0,0,2,0,0,0,0,0,1,1
2020/8/27,12,0,0,0,0,0,0,0,0,0,0,1,0,0,1,0,0,2,0,1,0,0,0,0,0,0,0,2,1,0,0,0,0,0,0,0,2,0,0,0,0,0,0,0,0,0,1,1
2020/8/28,17,0,0,0,0,0,0,0,1,0,0,1,0,2,0,0,0,0,0,1,0,0,0,2,0,0,0,9,1,0,0,0,0,0,0,0,0,0,0,0,0,0,0,0,0,0,0,0
2020/8/29,9,0,0,0,0,0,0,0,0,0,0,1,0,0,0,0,0,0,0,0,0,1,0,1,0,1,0,0,2,0,0,0,0,0,0,0,0,0,0,0,3,0,0,0,0,0,0,0
2020/8/30,15,0,0,0,0,0,0,0,0,0,0,0,1,2,2,0,1,0,0,0,0,0,0,3,0,0,0,1,0,0,0,0,0,0,0,0,0,0,0,0,4,0,0,0,0,0,0,1
2020/8/31,17,0,0,0,0,0,0,0,0,0,0,0,0,3,4,0,1,0,0,1,0,0,0,1,0,0,1,4,0,1,0,0,0,0,0,0,0,0,0,0,0,0,0,0,0,0,0,1
2020/9/1,11,0,0,0,0,0,0,0,0,0,0,1,1,1,1,0,0,0,0,0,0,0,0,0,0,1,0,3,0,0,0,0,0,0,0,0,0,0,0,0,2,0,0,0,1,0,0,0
2020/9/2,12,0,0,0,0,0,0,0,1,0,0,0,0,0,1,0,0,1,0,0,1,0,0,3,0,0,0,2,0,1,0,0,0,0,0,0,0,0,0,0,1,0,0,0,0,0,0,1
2020/9/3,11,1,0,0,0,0,0,0,0,0,0,0,0,1,0,0,0,0,0,0,0,0,0,3,0,1,2,0,0,0,0,0,0,0,0,0,0,0,0,0,1,0,0,0,0,0,0,2
2020/9/4,19,0,0,0,0,0,0,0,0,0,0,0,0,4,2,0,0,3,0,1,0,0,0,1,0,0,0,4,0,1,0,0,0,0,0,0,0,0,0,0,3,0,0,0,0,0,0,0
2020/9/5,8,0,0,0,0,0,0,0,0,0,0,2,0,0,0,0,0,0,0,0,0,0,0,1,0,0,0,2,1,0,0,0,0,0,0,0,0,0,0,0,1,0,0,0,0,0,0,1
2020/9/6,6,1,0,0,0,0,0,0,0,0,0,1,1,0,0,0,0,0,0,0,0,0,0,0,0,0,0,2,0,0,0,0,0,0,0,0,0,0,0,0,0,0,0,1,0,0,0,0
2020/9/7,14,0,0,0,0,0,0,0,0,0,0,0,0,3,0,0,0,2,0,0,0,0,0,1,1,0,0,1,0,0,0,0,0,0,0,0,1,0,0,0,1,0,0,0,0,0,0,4
2020/9/8,16,0,0,0,0,0,0,0,0,0,0,2,0,6,0,0,0,0,0,0,0,0,0,0,0,0,0,2,0,0,0,0,0,0,0,0,1,1,0,0,2,0,0,0,0,0,0,2
2020/9/9,13,0,0,0,0,0,0,0,0,0,0,0,1,1,0,0,0,1,0,0,0,0,0,0,1,0,0,3,0,0,0,0,0,0,0,0,0,0,0,0,3,0,0,0,0,0,0,3
2020/9/10,6,0,0,0,0,0,0,0,0,0,0,2,1,0,0,0,0,1,0,0,0,0,0,0,0,0,0,1,0,0,0,0,0,0,0,1,0,0,0,0,0,0,0,0,0,0,0,0
2020/9/11,11,1,0,0,0,0,0,0,0,0,0,0,0,1,0,0,0,1,0,0,0,0,0,0,0,0,0,3,0,0,0,0,0,0,0,0,2,0,0,0,3,0,0,0,0,0,0,0
2020/9/12,16,0,0,0,0,0,0,0,1,0,0,0,1,2,0,0,0,0,0,0,0,0,0,1,1,0,0,2,1,0,0,0,0,0,0,0,0,0,0,1,2,0,0,0,0,0,0,4
2020/9/13,3,0,0,0,0,0,0,0,0,0,0,0,0,0,1,0,0,0,0,0,0,0,0,0,0,0,0,2,0,0,0,0,0,0,0,0,0,0,0,0,0,0,0,0,0,0,0,0
2020/9/14,9,0,0,0,0,0,0,0,1,0,0,0,0,2,1,0,0,1,0,0,0,0,0,1,0,0,0,1,0,1,0,0,0,0,0,0,0,0,0,0,1,0,0,0,0,0,0,0
2020/9/15,10,0,0,0,0,0,0,0,0,0,0,0,0,2,2,0,0,0,0,0,0,0,0,0,0,0,0,6,0,0,0,0,0,0,0,0,0,0,0,0,0,0,0,0,0,0,0,0
2020/9/16,12,0,0,0,0,0,0,0,0,0,0,0,0,3,0,0,0,1,0,0,0,0,0,1,0,0,0,2,0,0,0,0,0,0,0,0,1,0,0,0,4,0,0,0,0,0,0,0
2020/9/17,9,0,0,0,0,0,0,2,0,0,0,0,0,0,1,0,0,0,1,0,0,0,0,0,0,0,0,0,0,0,0,0,0,0,0,0,0,0,0,0,4,0,0,0,0,0,1,0
2020/9/18,13,0,0,0,0,0,0,0,0,0,0,1,1,1,5,0,0,0,0,0,0,0,0,0,0,0,0,2,1,0,0,0,0,0,0,0,0,0,0,0,2,0,0,0,0,0,0,0
2020/9/19,5,0,0,0,0,0,0,0,0,0,0,2,0,0,0,0,0,0,0,0,0,0,0,1,0,0,0,2,0,0,0,0,0,0,0,0,0,0,0,0,0,0,0,0,0,0,0,0
2020/9/20,0,0,0,0,0,0,0,0,0,0,0,0,0,0,-1,0,0,0,0,0,0,0,0,1,0,0,0,0,0,0,0,0,0,0,0,0,0,0,0,0,0,0,0,0,0,0,0,0
2020/9/21,8,0,0,0,0,0,0,0,0,0,0,0,0,1,0,0,0,1,1,0,0,0,0,2,0,0,0,1,1,0,0,0,0,0,0,0,0,0,0,0,1,0,0,0,0,0,0,0
2020/9/22,4,1,0,0,0,0,0,0,1,0,0,0,0,0,0,0,0,0,0,0,0,0,0,0,0,1,0,1,0,0,0,0,0,0,0,0,0,0,0,0,0,0,0,0,0,0,0,0
2020/9/23,8,0,0,0,0,0,0,0,0,0,0,0,0,1,1,0,0,1,0,1,0,0,0,0,2,0,0,1,0,0,0,0,0,0,0,1,0,0,0,0,0,0,0,0,0,0,0,0
2020/9/24,12,0,0,0,0,0,0,0,0,0,0,0,2,3,0,0,0,0,0,0,0,0,0,2,0,0,0,4,0,0,0,0,0,0,0,0,0,0,0,0,1,0,0,0,0,0,0,0
2020/9/25,8,0,0,0,0,0,0,0,0,0,0,0,0,4,0,0,0,0,0,0,0,0,0,0,0,0,0,1,0,0,0,0,0,0,0,0,0,0,0,0,3,0,0,0,0,0,0,0
2020/9/26,5,0,0,0,0,0,0,0,0,0,0,0,0,1,0,0,0,0,0,0,0,0,0,0,0,0,0,1,2,0,0,0,0,0,0,0,0,0,0,0,0,0,0,0,0,0,0,1
2020/9/27,3,0,0,0,0,0,0,0,0,0,0,1,0,0,0,0,0,1,1,0,0,0,0,0,0,0,0,0,0,0,0,0,0,0,0,0,0,0,0,0,0,0,0,0,0,0,0,0
2020/9/28,9,0,0,0,0,0,0,1,0,0,0,0,0,6,0,0,0,0,0,0,0,0,0,0,0,0,0,2,0,0,0,0,0,0,0,0,0,0,0,0,0,0,0,0,0,0,0,0
2020/9/29,7,0,0,0,0,0,0,0,0,0,0,1,1,1,1,0,0,0,0,0,0,0,1,0,0,0,0,1,0,0,0,0,0,0,0,0,0,0,0,0,1,0,0,0,0,0,0,0
2020/9/30,7,0,0,0,0,0,0,0,0,0,0,0,0,1,1,0,1,0,0,0,0,0,0,1,0,0,0,2,0,0,0,0,0,0,0,0,0,0,0,0,1,0,0,0,0,0,0,0
2020/10/1,7,0,0,0,0,0,0,0,0,0,0,0,0,1,0,0,0,0,0,0,0,0,0,2,0,0,0,3,0,0,0,0,0,0,0,0,0,0,0,0,1,0,0,0,0,0,0,0
2020/10/2,12,0,0,0,0,0,0,0,1,0,0,0,1,0,2,0,0,0,0,0,0,0,0,0,0,0,1,6,0,0,0,0,0,0,0,0,0,0,0,0,1,0,0,0,0,0,0,0
2020/10/3,7,0,0,0,0,0,0,0,-1,0,0,0,0,2,3,0,0,0,0,0,0,0,0,0,0,0,0,2,0,0,0,0,0,0,0,0,0,0,0,0,0,0,0,0,0,0,0,1
2020/10/4,2,0,0,0,0,0,0,1,0,0,0,0,0,0,0,0,0,0,0,0,0,0,0,0,0,0,0,1,0,0,0,0,0,0,0,0,0,0,0,0,0,0,0,0,0,0,0,0
2020/10/5,3,0,0,0,0,0,0,0,0,0,0,0,0,2,0,0,0,0,0,0,0,0,0,0,0,0,0,1,0,0,0,0,0,0,0,0,0,0,0,0,0,0,0,0,0,0,0,0
2020/10/6,3,0,0,0,0,0,0,0,0,0,0,0,0,1,1,0,0,0,0,0,0,0,0,0,0,0,0,1,0,0,0,0,0,0,0,0,0,0,0,0,0,0,0,0,0,0,0,0
2020/10/7,8,0,0,0,0,0,0,0,0,0,0,0,0,2,1,0,0,0,0,0,0,0,0,3,0,0,1,1,0,0,0,0,0,0,0,0,0,0,0,0,0,0,0,0,0,0,0,0
2020/10/8,3,0,0,0,0,0,0,0,0,0,0,0,0,1,2,0,0,0,0,0,0,0,0,0,0,0,0,0,0,0,0,0,0,0,0,0,0,0,0,0,0,0,0,0,0,0,0,0
2020/10/9,8,0,0,0,0,0,0,0,0,0,0,0,0,4,2,0,0,0,0,0,0,0,0,0,0,0,0,0,0,0,0,0,0,1,0,0,0,0,0,0,0,0,0,0,0,0,0,1
2020/10/10,3,0,0,0,0,0,0,0,0,0,0,0,0,0,1,0,0,0,0,0,0,0,0,0,0,0,0,2,0,0,0,0,0,0,0,0,0,0,0,0,0,0,0,0,0,0,0,0
2020/10/11,2,0,0,0,0,0,0,0,0,0,0,0,1,0,0,0,0,0,0,0,0,0,0,1,0,0,0,0,0,0,0,0,0,0,0,0,0,0,0,0,0,0,0,0,0,0,0,0
2020/10/12,5,0,0,0,0,0,0,1,0,0,0,0,0,0,1,0,0,0,0,0,0,0,0,1,0,0,0,1,0,0,0,0,0,0,0,0,0,0,0,0,0,0,0,0,0,0,0,1
2020/10/13,4,0,0,0,0,0,0,0,0,0,0,0,1,2,0,0,0,0,0,0,1,0,0,0,0,0,0,0,0,0,0,0,0,0,0,0,0,0,0,0,0,0,0,0,0,0,0,0
2020/10/14,8,0,0,0,0,0,0,0,1,0,0,0,0,2,2,0,0,0,0,0,1,0,0,0,0,0,0,0,0,0,0,0,0,0,0,0,0,0,0,0,0,0,0,0,0,0,0,2
2020/10/15,4,0,0,0,0,0,0,0,0,0,0,0,1,2,0,0,0,0,0,0,0,0,0,0,0,0,0,0,1,0,0,0,0,0,0,0,0,0,0,0,0,0,0,0,0,0,0,0
2020/10/16,11,0,0,0,0,0,0,1,0,0,0,0,1,4,0,0,0,0,0,0,0,0,0,0,0,0,0,2,0,0,0,0,0,0,0,0,0,0,0,0,0,0,0,0,0,0,0,3
2020/10/17,9,1,0,0,0,0,0,0,0,0,0,1,0,3,1,0,0,0,0,0,1,0,0,0,0,0,0,1,0,0,0,0,0,0,1,0,0,0,0,0,0,0,0,0,0,0,0,0
2020/10/18,4,0,0,0,0,0,0,0,0,0,0,0,0,2,0,0,0,0,0,0,0,0,0,0,0,0,0,0,1,0,0,0,0,0,0,0,0,0,0,0,0,0,0,0,0,0,0,1
2020/10/19,2,0,0,0,0,0,0,0,0,0,0,0,0,0,0,0,0,0,0,0,0,0,0,0,0,0,0,0,0,0,0,0,0,0,0,0,0,0,0,0,1,0,0,0,1,0,0,0
2020/10/20,3,0,0,0,0,0,0,0,0,0,0,0,0,1,0,0,0,0,0,0,0,0,0,0,0,1,1,0,0,0,0,0,0,0,0,0,0,0,0,0,0,0,0,0,0,0,0,0
2020/10/21,6,0,0,0,0,0,0,0,0,0,0,0,0,2,0,0,0,0,0,0,0,0,0,0,0,0,1,2,0,0,0,0,0,0,0,0,0,0,0,0,0,0,0,0,0,0,0,1
2020/10/22,9,0,0,0,0,0,0,0,0,0,0,0,0,3,1,0,0,1,0,0,0,0,0,0,0,0,0,2,0,0,0,0,0,0,1,0,0,0,0,0,0,0,0,0,0,0,0,1
2020/10/23,12,0,0,0,0,0,0,0,0,0,0,0,0,3,2,0,0,1,0,0,0,1,0,1,0,0,1,1,0,0,0,0,0,0,0,0,0,0,0,0,1,0,0,0,0,0,0,1
2020/10/24,5,0,0,0,0,0,0,0,0,0,0,1,0,0,3,0,0,0,0,0,0,0,0,0,0,0,0,1,0,0,0,0,0,0,0,0,0,0,0,0,0,0,0,0,0,0,0,0
2020/10/25,7,0,0,0,0,0,0,0,0,0,0,1,1,2,2,0,0,0,0,0,0,0,0,0,0,0,0,1,0,0,0,0,0,0,0,0,0,0,0,0,0,0,0,0,0,0,0,0
2020/10/26,7,1,0,0,0,0,0,0,0,0,0,1,0,3,1,0,0,0,0,0,0,0,0,0,0,0,0,1,0,0,0,0,0,0,0,0,0,0,0,0,0,0,0,0,0,0,0,0
2020/10/27,5,0,1,0,0,0,0,0,0,0,0,0,1,1,2,0,0,0,0,0,0,0,0,0,0,0,0,0,0,0,0,0,0,0,0,0,0,0,0,0,0,0,0,0,0,0,0,0
2020/10/28,3,0,0,0,0,0,0,0,0,0,0,0,0,0,1,0,0,0,0,0,0,0,0,0,0,0,0,1,1,0,0,0,0,0,0,0,0,0,0,0,0,0,0,0,0,0,0,0
2020/10/29,11,0,0,0,0,0,0,0,0,0,0,0,0,2,1,0,0,0,0,0,0,0,0,2,0,0,0,1,0,0,0,0,0,3,0,0,0,0,0,0,0,0,0,0,0,0,0,2
2020/10/30,11,0,1,0,0,0,0,0,0,0,0,0,1,2,3,0,0,0,0,0,0,0,0,0,0,0,0,1,1,1,0,0,0,0,0,0,0,0,0,0,0,0,0,0,0,0,0,1
2020/10/31,11,0,1,0,0,0,0,0,0,0,0,1,1,0,0,0,0,0,0,0,0,0,0,1,0,0,0,4,0,0,0,0,0,0,0,0,0,0,0,0,1,0,0,0,0,0,0,2
2020/11/1,8,1,0,0,0,0,0,0,0,0,0,0,1,0,1,0,0,0,0,0,2,0,0,1,0,0,0,2,0,0,0,0,0,0,0,0,0,0,0,0,0,0,0,0,0,0,0,0
2020/11/2,6,0,0,0,0,0,0,0,0,0,0,0,0,4,0,0,0,0,0,0,0,0,0,0,0,0,0,0,0,0,0,0,0,0,0,0,0,0,0,0,1,0,0,0,0,0,1,0
2020/11/3,6,0,0,0,0,0,0,0,0,0,0,2,0,0,2,0,0,0,0,0,0,0,0,0,0,0,0,0,2,0,0,0,0,0,0,0,0,0,0,0,0,0,0,0,0,0,0,0
2020/11/4,8,2,0,0,0,0,0,0,0,0,1,0,0,0,0,0,0,0,0,0,0,1,0,0,0,0,0,3,1,0,0,0,0,0,0,0,0,0,0,0,0,0,0,0,0,0,0,0
2020/11/5,12,0,0,0,1,0,0,0,0,0,0,2,0,2,0,0,0,0,0,0,0,0,0,0,0,0,0,2,1,0,0,0,0,2,0,0,0,0,0,0,1,0,0,0,0,0,0,1
2020/11/6,3,0,0,0,0,0,0,0,0,0,0,0,1,0,0,0,0,0,0,0,0,0,0,1,0,0,0,0,0,0,0,0,0,0,0,0,0,0,0,0,0,0,0,1,0,0,0,0
2020/11/7,3,1,0,0,1,0,0,0,0,0,0,0,0,0,1,0,0,0,0,0,0,0,0,0,0,0,0,0,0,0,0,0,0,0,0,0,0,0,0,0,0,0,0,0,0,0,0,0
2020/11/8,6,0,0,0,0,0,0,0,0,0,0,0,0,0,3,0,0,0,0,0,0,0,0,0,0,0,0,0,0,1,0,0,0,0,0,0,0,0,0,0,0,1,0,0,0,0,0,1
2020/11/9,11,1,1,0,1,0,0,0,0,0,0,1,0,1,1,0,0,0,0,0,0,0,0,1,0,0,0,4,0,0,0,0,0,0,0,0,0,0,0,0,0,0,0,0,0,0,0,0
2020/11/10,12,1,0,0,1,0,0,0,0,0,0,1,1,3,0,0,0,0,0,0,0,0,0,0,0,0,0,3,2,0,0,0,0,0,0,0,0,0,0,0,0,0,0,0,0,0,0,0
2020/11/11,10,2,0,0,0,0,0,0,0,0,0,0,0,3,2,0,0,0,0,0,0,0,0,0,0,0,0,1,2,0,0,0,0,0,0,0,0,0,0,0,0,0,0,0,0,0,0,0
2020/11/12,16,3,1,0,0,0,0,0,0,0,0,0,0,2,1,0,0,0,0,0,0,0,0,2,0,0,1,0,1,0,0,0,0,4,0,0,0,0,0,0,0,0,0,0,0,0,0,1
2020/11/13,13,2,0,0,2,0,0,0,0,0,0,5,1,0,1,0,0,0,0,0,0,0,0,0,0,0,0,2,0,0,0,0,0,0,0,0,0,0,0,0,0,0,0,0,0,0,0,0
2020/11/14,3,1,0,0,0,0,0,0,0,0,0,1,0,0,0,0,0,0,0,0,0,0,0,0,0,0,0,1,0,0,0,0,0,0,0,0,0,0,0,0,0,0,0,0,0,0,0,0
2020/11/15,2,1,0,0,0,0,0,0,0,0,0,0,0,0,0,0,0,0,0,0,0,0,0,0,0,0,0,1,0,0,0,0,0,0,0,0,0,0,0,0,0,0,0,0,0,0,0,0
2020/11/16,18,3,0,0,0,0,0,0,0,1,0,2,0,2,0,0,0,0,0,0,0,1,2,0,0,0,3,3,0,0,0,0,0,0,0,0,0,0,0,0,0,0,0,1,0,0,0,0
2020/11/17,10,2,0,0,0,0,0,0,0,0,0,1,0,4,0,0,0,0,0,0,0,0,0,0,0,0,0,1,1,0,0,0,0,0,0,0,0,0,0,0,1,0,0,0,0,0,0,0
2020/11/18,9,2,0,0,0,0,0,0,0,0,0,1,0,0,1,0,0,0,0,0,0,0,0,1,0,0,1,0,2,0,0,0,0,0,0,0,0,0,0,0,0,0,0,0,0,0,0,1
2020/11/19,21,3,0,0,1,0,0,0,1,0,0,3,1,0,0,0,0,0,0,1,0,0,0,2,0,0,0,3,1,0,0,0,0,1,1,0,0,0,0,0,1,0,0,1,0,0,0,1
2020/11/20,20,7,0,0,0,0,0,0,0,0,1,4,1,1,1,0,0,0,0,0,0,0,0,1,0,0,0,4,0,0,0,0,0,0,0,0,0,0,0,0,0,0,0,0,0,0,0,0
2020/11/21,11,2,0,0,0,0,0,0,0,0,0,0,0,1,0,0,0,0,0,0,0,0,0,0,0,0,0,5,3,0,0,0,0,0,0,0,0,0,0,0,0,0,0,0,0,0,0,0
2020/11/22,7,3,0,0,0,0,0,0,0,0,0,1,0,1,0,0,0,0,0,0,0,0,0,1,0,0,0,0,0,0,0,0,0,0,0,0,0,0,0,0,0,0,0,1,0,0,0,0
2020/11/23,8,3,0,1,0,0,0,0,0,0,0,1,0,0,1,0,0,0,0,0,0,0,0,1,0,0,0,1,0,0,0,0,0,0,0,0,0,0,0,0,0,0,0,0,0,0,0,0
2020/11/24,12,3,0,0,0,1,0,0,0,0,0,1,0,0,0,0,0,0,0,0,0,0,0,3,0,0,0,4,0,0,0,0,0,0,0,0,0,0,0,0,0,0,0,0,0,0,0,0
2020/11/25,21,6,0,0,0,0,0,0,0,0,0,3,0,3,3,0,0,0,0,0,0,0,0,1,0,0,1,3,0,0,0,0,0,0,0,0,0,0,0,0,1,0,0,0,0,0,0,0
2020/11/26,29,6,0,0,0,0,0,0,0,0,0,1,0,3,1,0,0,0,0,0,0,0,0,3,0,0,1,12,0,0,2,0,0,0,0,0,0,0,0,0,0,0,0,0,0,0,0,0
2020/11/27,23,7,0,0,0,0,0,0,0,0,0,1,0,3,3,0,0,1,0,1,0,1,0,0,0,0,0,5,0,0,0,0,0,0,0,0,0,0,0,0,0,0,0,1,0,0,0,0
2020/11/28,32,9,0,0,1,0,0,0,2,0,0,1,0,0,2,0,0,0,0,0,0,0,6,2,0,0,0,8,1,0,0,0,0,0,0,0,0,0,0,0,0,0,0,0,0,0,0,0
2020/11/29,13,4,0,2,0,0,0,0,0,0,0,0,0,0,0,0,0,0,0,0,0,0,0,0,0,0,0,6,0,0,0,0,0,0,0,0,0,0,0,0,0,0,0,0,0,0,0,1
2020/11/30,20,5,0,0,0,0,0,0,0,0,0,0,1,1,1,0,0,0,0,1,0,0,1,4,0,0,0,4,0,1,0,0,0,0,0,0,0,0,0,0,1,0,0,0,0,0,0,0
2020/12/1,33,5,0,1,0,0,0,1,2,0,1,4,2,5,2,0,0,0,0,0,0,0,0,0,0,0,2,6,1,0,0,0,0,0,0,0,0,0,0,0,0,1,0,0,0,0,0,0
2020/12/2,41,14,0,0,0,0,0,1,0,0,0,3,1,5,1,0,0,0,0,0,0,0,1,2,1,1,0,7,3,1,0,0,0,0,0,0,0,0,0,0,0,0,0,0,0,0,0,0
2020/12/3,27,5,0,0,0,0,0,0,0,0,0,2,0,2,3,0,0,0,0,0,0,0,1,1,1,1,0,8,3,0,0,0,0,0,0,0,0,0,0,0,0,0,0,0,0,0,0,0
2020/12/4,43,11,0,0,0,0,0,0,0,0,0,4,0,8,6,0,0,0,0,0,0,0,1,1,0,0,0,5,3,0,0,0,0,0,0,0,0,0,0,0,1,0,0,0,0,0,0,3
2020/12/5,32,13,0,0,0,0,0,0,0,0,0,0,1,2,4,0,0,0,0,0,0,0,0,4,0,0,0,6,1,0,1,0,0,0,0,0,0,0,0,0,0,0,0,0,0,0,0,0
2020/12/6,20,4,0,0,0,0,0,0,0,0,0,4,1,0,2,0,0,0,0,0,0,0,0,2,0,0,0,1,3,0,0,0,0,0,0,0,0,1,0,0,0,0,0,0,0,0,0,2
2020/12/7,47,15,0,2,0,0,0,0,0,0,0,3,1,6,2,0,0,0,0,0,0,0,3,3,1,0,0,9,1,0,0,0,0,0,1,0,0,0,0,0,0,0,0,0,0,0,0,0
2020/12/8,38,6,0,0,1,0,0,0,1,0,1,1,2,6,2,0,0,0,0,0,0,1,2,2,0,0,0,9,4,0,0,0,0,0,0,0,0,0,0,0,0,0,0,0,0,0,0,0
2020/12/9,45,9,0,0,0,0,0,0,0,0,1,7,0,5,2,0,0,0,0,0,0,1,0,4,0,0,0,9,3,0,0,0,0,0,0,0,0,0,1,0,1,0,0,0,0,1,0,1
2020/12/10,37,16,0,2,1,0,0,0,1,0,0,1,0,2,1,0,0,0,0,0,0,0,0,0,0,0,0,9,1,0,0,0,0,0,1,0,0,0,0,0,0,1,0,0,0,1,0,0
2020/12/11,32,5,0,0,0,0,0,0,1,0,0,2,2,5,0,0,0,0,0,0,0,3,1,2,1,0,1,7,1,0,0,0,0,0,0,0,0,0,1,0,0,0,0,0,0,0,0,0
2020/12/12,28,10,0,0,0,0,0,0,0,0,2,0,0,0,2,0,0,0,0,0,0,1,0,2,1,0,0,6,3,1,0,0,0,0,0,0,0,0,0,0,0,0,0,0,0,0,0,0
2020/12/13,23,6,0,1,0,0,0,0,2,0,0,0,0,0,3,0,0,0,0,0,0,0,0,1,0,0,0,5,4,1,0,0,0,0,0,0,0,0,0,0,0,0,0,0,0,0,0,0
2020/12/14,58,22,0,1,0,0,0,0,3,0,0,3,1,3,0,0,0,0,0,0,0,0,2,1,0,0,2,14,1,0,0,0,0,0,1,0,0,0,1,0,1,0,0,0,0,0,0,2
2020/12/15,45,11,0,2,0,0,0,0,1,0,1,0,3,9,1,3,0,0,0,0,1,1,0,1,1,0,0,10,0,0,0,0,0,0,0,0,0,0,0,0,0,0,0,0,0,0,0,0
2020/12/16,51,11,0,0,0,0,0,1,0,0,1,1,1,10,1,0,0,0,0,0,0,0,2,2,1,0,1,11,5,0,0,0,0,0,2,0,0,0,0,0,0,0,0,0,0,1,0,0
2020/12/17,44,6,0,0,0,0,0,0,2,1,0,2,2,0,2,0,0,0,0,0,0,0,3,3,1,0,0,12,8,0,0,0,0,0,1,0,0,0,0,1,0,0,0,0,0,0,0,0
2020/12/18,45,13,0,2,0,0,1,1,0,0,1,1,0,4,1,0,0,0,0,1,2,1,0,2,0,0,0,10,3,0,0,0,0,1,0,0,0,0,0,0,0,0,0,0,1,0,0,0
2020/12/19,45,10,0,2,0,0,0,0,0,0,1,0,2,5,5,0,0,0,0,0,0,1,1,4,0,0,0,9,2,1,0,0,0,0,1,0,0,0,1,0,0,0,0,0,0,0,0,0
2020/12/20,27,5,0,2,0,0,0,0,0,0,0,0,0,0,2,0,0,0,0,0,1,0,0,2,0,0,0,6,0,4,0,0,0,0,0,0,0,0,1,0,3,0,0,0,1,0,0,0
2020/12/21,44,8,0,0,0,0,1,1,0,1,2,2,0,1,1,0,0,0,0,0,1,0,2,5,0,0,0,11,3,0,0,0,0,0,2,0,0,0,0,0,0,0,0,0,0,1,0,2
2020/12/22,50,7,0,2,0,0,0,0,0,0,1,2,2,1,4,0,0,0,0,0,0,2,2,5,0,0,1,12,6,0,0,0,0,0,0,1,0,0,0,1,1,0,0,0,0,0,0,0
2020/12/23,56,10,0,0,0,0,0,3,1,0,0,5,1,10,2,0,0,0,0,0,0,1,1,6,0,0,0,8,4,0,0,0,0,0,1,0,0,0,0,0,0,0,0,2,0,0,0,1
2020/12/24,55,4,0,2,1,0,0,1,0,2,2,5,2,9,5,0,0,0,0,0,1,1,2,3,0,0,0,7,3,0,0,0,0,1,2,0,0,0,0,0,2,0,0,0,0,0,0,0
2020/12/25,50,8,0,0,0,0,0,0,0,0,0,1,1,10,3,0,0,0,0,1,1,1,2,8,0,0,1,8,3,1,0,0,0,0,0,0,0,0,0,0,0,0,0,1,0,0,0,0
2020/12/26,58,4,1,0,0,0,1,2,0,0,0,1,2,10,6,0,0,0,0,0,0,1,0,3,1,0,0,11,15,0,0,0,0,0,0,0,0,0,0,0,0,0,0,0,0,0,0,0
2020/12/27,39,7,0,0,1,0,0,0,0,0,0,3,0,0,1,0,0,0,0,0,0,2,1,6,0,0,0,8,8,1,0,0,0,0,0,0,0,0,0,0,0,0,0,0,0,0,0,1
2020/12/28,54,5,0,0,0,0,1,2,1,0,5,3,0,6,1,0,0,0,0,0,0,0,0,1,0,0,2,13,8,0,0,0,0,0,5,0,0,0,1,0,0,0,0,0,0,0,0,0
2020/12/29,43,6,1,1,0,0,1,0,0,0,0,4,1,5,0,0,0,0,0,0,1,0,2,7,0,0,0,5,8,0,0,0,0,0,0,0,0,0,0,0,1,0,0,0,0,0,0,0
2020/12/30,65,3,0,1,2,0,0,1,0,0,3,3,2,4,8,0,0,0,0,0,1,2,1,4,1,0,0,8,10,2,0,0,0,0,5,0,0,0,1,0,1,0,1,0,0,0,1,0
2020/12/31,46,5,0,0,0,0,0,0,0,0,1,0,0,5,5,0,0,1,1,0,0,1,0,3,1,0,0,9,11,0,0,0,0,0,1,0,0,0,0,1,0,0,0,0,1,0,0,0
2021/1/1,54,3,0,0,0,0,1,1,2,0,1,4,4,4,3,0,0,0,0,0,0,1,0,5,0,1,6,9,2,0,0,0,0,0,6,0,0,0,0,1,0,0,0,0,0,0,0,0
2021/1/2,34,4,0,0,0,0,2,0,0,0,0,1,0,0,4,0,0,0,0,0,1,2,0,2,0,0,0,6,9,0,0,0,0,0,1,0,0,0,0,0,0,0,0,2,0,0,0,0
2021/1/3,51,12,0,0,0,0,0,0,0,0,1,4,3,1,3,0,0,0,0,0,0,1,0,5,1,1,0,7,1,1,0,0,0,0,5,0,0,0,0,1,0,0,1,3,0,0,0,0
2021/1/4,56,4,0,0,0,0,0,1,0,0,0,4,0,2,2,0,0,0,0,0,0,1,0,6,1,0,4,11,8,0,0,0,0,0,2,0,0,0,0,0,3,0,0,1,0,4,0,2
2021/1/5,64,3,0,0,0,0,0,2,0,1,1,6,0,14,5,0,0,0,0,0,2,2,1,5,0,0,5,7,4,1,0,0,0,2,2,0,0,0,0,1,0,0,0,0,0,0,0,0
2021/1/6,72,5,0,0,0,0,0,2,1,0,1,4,4,8,6,0,0,0,0,0,0,1,2,7,0,1,2,10,10,0,1,0,0,0,4,0,0,0,0,0,1,0,1,0,0,0,0,1
2021/1/7,66,2,0,0,0,0,0,1,0,0,1,8,3,11,4,0,0,1,0,0,0,1,2,9,0,0,2,8,9,0,0,0,0,0,2,0,0,0,0,0,0,0,1,1,0,0,0,0
2021/1/8,75,10,0,1,0,0,0,1,0,2,0,5,0,7,4,0,0,0,0,0,0,1,2,8,1,1,3,19,2,0,0,0,0,0,0,0,0,0,0,0,2,0,0,5,0,1,0,0
2021/1/9,64,4,0,0,1,0,0,0,1,0,0,2,5,8,7,0,0,0,0,0,0,1,0,7,0,1,0,10,5,0,0,1,0,0,4,0,0,1,0,1,3,0,0,1,1,0,0,0
2021/1/10,48,6,0,0,0,0,1,0,0,1,0,0,3,3,4,0,0,0,0,0,0,1,1,3,1,0,0,7,9,0,0,0,0,0,1,0,0,0,0,1,0,0,1,4,1,0,0,0
2021/1/11,50,5,0,0,0,0,0,2,0,2,5,0,1,4,3,0,0,0,0,0,0,0,2,9,0,0,0,7,4,2,0,0,0,0,1,0,0,0,0,0,1,0,0,1,1,0,0,0
2021/1/12,51,3,0,0,0,0,0,0,0,4,0,6,3,2,1,0,0,0,0,0,0,1,2,4,0,0,7,10,2,2,0,1,0,0,1,1,0,0,0,0,1,0,0,0,0,0,0,0
2021/1/13,88,4,0,0,0,0,1,0,1,0,2,5,9,13,4,0,0,1,0,0,1,2,1,9,0,0,0,13,9,1,0,0,0,0,4,1,0,0,0,0,3,0,2,1,0,0,0,1
2021/1/14,82,3,0,0,0,0,1,0,0,0,1,2,8,3,13,2,0,0,0,0,1,3,5,9,1,1,0,11,11,0,1,0,0,0,0,0,0,0,0,0,1,0,2,1,0,1,0,1
2021/1/15,65,6,0,0,1,0,0,0,0,1,1,1,0,10,4,0,0,0,0,0,1,1,2,8,0,1,2,12,4,0,1,0,0,1,4,0,0,1,0,0,2,0,0,0,1,0,0,0
2021/1/16,66,7,0,0,1,0,1,2,1,1,2,0,5,3,9,0,0,0,0,0,0,1,1,11,0,0,0,12,5,0,0,0,0,0,1,0,0,0,1,0,0,0,1,1,0,0,0,0
2021/1/17,55,4,0,0,1,0,0,1,2,0,0,11,4,5,4,0,1,1,0,0,0,1,1,1,0,1,0,4,3,0,1,0,0,0,3,0,0,0,0,1,0,1,1,1,1,0,1,0
2021/1/18,47,2,0,0,0,0,0,0,1,1,0,6,5,3,3,0,0,0,1,0,0,0,2,6,0,0,0,10,1,0,0,0,0,0,0,0,1,0,0,0,3,0,2,0,0,0,0,0
2021/1/19,99,6,0,0,1,0,0,1,0,4,0,7,7,16,5,2,0,1,0,0,2,4,0,7,1,0,6,13,1,1,0,0,0,0,2,0,0,1,1,0,4,0,1,3,0,2,0,0
2021/1/20,96,5,1,0,1,0,0,0,0,5,1,8,8,10,8,0,0,0,0,1,0,0,0,7,0,1,5,12,4,0,0,0,0,0,1,0,0,0,1,0,8,0,1,4,1,1,0,2
2021/1/21,87,6,0,0,0,0,0,1,2,1,0,2,5,7,9,0,0,1,0,0,3,2,0,4,1,0,1,19,9,0,0,0,0,0,4,0,1,3,1,0,4,0,0,0,0,0,0,1
2021/1/22,105,4,0,0,0,0,0,0,1,4,3,6,9,9,7,0,0,0,0,0,0,1,4,8,2,5,3,16,10,0,1,0,0,1,1,1,0,2,0,0,3,0,0,0,2,1,0,1
2021/1/23,84,4,0,0,0,0,0,0,3,2,1,6,5,9,5,0,0,0,0,0,2,1,0,5,1,1,0,14,12,2,0,0,0,0,3,2,1,1,0,0,4,0,0,0,0,0,0,0
2021/1/24,65,4,0,0,0,0,0,1,2,1,1,3,3,3,8,0,0,0,1,0,0,2,1,4,0,0,0,10,8,1,0,0,0,0,4,0,0,1,0,0,4,0,2,0,1,0,0,0
2021/1/25,74,6,2,0,0,0,0,1,0,2,0,2,2,14,1,0,0,1,0,0,0,0,0,6,0,0,11,7,2,1,1,0,0,0,2,1,1,0,0,0,0,0,1,7,1,1,1,0
2021/1/26,94,4,0,1,0,0,0,0,2,2,1,7,5,13,11,2,0,0,1,0,1,2,3,4,0,1,0,14,9,0,0,0,0,0,1,2,0,1,0,0,3,0,0,3,0,1,0,0
2021/1/27,109,6,0,0,0,0,0,3,1,0,0,4,6,18,13,0,0,0,1,1,3,0,1,7,1,0,3,23,7,0,0,0,0,0,1,1,0,0,0,0,1,0,2,4,0,0,2,0
2021/1/28,90,3,2,1,0,0,0,2,4,1,1,5,4,20,9,0,0,1,1,0,2,0,2,4,0,1,2,15,2,0,0,0,0,0,2,2,0,0,1,1,0,0,2,0,0,0,0,0
2021/1/29,94,3,0,0,0,0,0,1,2,1,0,6,10,17,11,0,0,0,2,0,1,0,0,9,0,1,3,10,10,0,0,0,0,3,0,2,1,1,0,0,0,0,0,0,0,0,0,0
2021/1/30,108,6,0,0,0,0,0,0,0,3,1,9,5,19,18,0,0,0,0,0,1,1,0,6,0,1,0,10,10,1,0,0,0,0,1,3,0,0,0,0,11,0,1,0,1,0,0,0
2021/1/31,68,5,0,0,0,0,0,1,0,1,0,10,7,3,6,0,0,0,0,0,0,1,0,2,0,0,0,11,8,1,1,0,0,0,0,2,0,0,0,0,6,0,1,2,0,0,0,0
2021/2/1,72,5,0,0,0,0,0,0,4,1,2,8,4,8,6,1,0,0,1,1,0,0,2,4,0,1,7,4,3,1,1,0,0,0,0,0,0,0,1,0,0,0,1,2,0,3,1,0
2021/2/2,118,1,0,0,0,2,0,2,2,2,0,7,14,23,8,0,0,0,0,0,2,0,1,5,0,2,2,16,11,1,0,0,0,0,2,2,0,0,2,0,6,0,3,0,0,0,0,2
2021/2/3,108,3,0,1,0,0,0,4,0,0,0,10,3,32,13,2,0,0,0,1,0,1,1,5,2,0,1,12,9,0,0,0,0,0,0,1,1,0,0,0,3,2,1,0,0,0,0,0
2021/2/4,115,1,0,1,0,0,0,2,3,0,1,11,9,25,19,0,0,0,0,0,1,3,2,10,2,0,3,7,8,1,0,0,0,0,0,0,0,1,0,0,4,0,0,0,1,0,0,0
2021/2/5,108,5,0,0,0,1,0,0,1,0,3,13,6,22,14,0,0,0,1,0,0,3,2,9,0,0,2,12,3,1,0,0,0,4,0,1,0,0,0,3,0,0,1,1,0,0,0,0
2021/2/6,95,2,0,0,0,0,0,3,3,4,1,4,8,21,11,0,0,1,1,0,0,2,2,7,0,0,0,14,8,0,0,0,0,0,0,1,0,0,0,0,0,0,2,0,0,0,0,0
2021/2/7,57,1,0,0,0,0,0,1,3,2,0,6,6,6,6,0,0,0,1,0,0,3,0,7,1,0,0,7,3,0,0,0,0,0,1,1,0,1,1,0,0,0,0,0,0,0,0,0
2021/2/8,81,5,0,0,1,0,0,2,2,1,0,6,2,12,3,0,0,1,0,0,0,1,0,7,1,0,7,11,0,0,0,0,0,0,0,1,0,0,0,0,14,0,0,2,0,0,0,2
2021/2/9,81,2,0,0,0,0,0,1,1,1,0,9,2,18,14,1,0,0,0,0,0,2,1,0,3,0,2,12,4,0,0,0,0,0,1,2,0,0,0,0,5,0,0,0,0,0,0,0
2021/2/10,121,1,1,0,0,0,1,0,5,0,0,11,16,25,17,0,0,0,0,0,0,3,2,10,1,2,3,10,8,0,1,0,0,0,0,2,0,0,0,0,1,0,0,0,0,0,0,1
2021/2/11,96,2,1,0,0,1,0,0,1,0,3,14,9,21,12,0,0,0,1,0,0,0,2,5,1,0,0,6,7,0,0,0,0,0,2,1,0,0,0,0,5,0,0,0,0,0,0,2
2021/2/12,75,2,1,0,0,0,1,2,1,1,0,5,2,15,3,0,0,0,0,1,0,2,0,5,1,4,5,8,8,1,0,0,0,2,0,0,0,0,0,0,1,0,0,1,0,0,1,2
2021/2/13,63,5,0,0,0,0,0,2,3,0,0,5,13,11,3,0,0,0,0,0,0,0,1,1,1,0,0,7,5,0,0,0,0,0,0,0,0,0,0,0,4,0,0,0,0,0,1,1
2021/2/14,40,2,1,0,0,0,0,1,3,0,0,3,4,6,1,0,0,0,1,0,0,2,0,4,0,0,0,2,2,0,0,0,0,0,1,2,0,0,0,0,4,0,0,0,0,0,0,1
2021/2/15,63,1,0,0,0,1,0,0,4,1,2,11,3,6,1,0,0,0,0,0,2,5,0,3,3,0,3,4,2,0,1,0,0,0,0,0,0,1,0,0,2,0,1,3,0,1,1,1
2021/2/16,87,2,0,0,0,0,0,0,1,1,0,10,9,27,11,1,0,0,0,0,0,0,0,4,1,1,0,9,3,0,0,0,0,0,0,0,0,0,0,0,5,0,0,0,0,0,0,2
2021/2/17,94,2,1,0,0,0,0,0,1,0,0,6,13,19,14,0,0,0,0,0,0,0,0,5,0,0,0,11,11,1,0,0,0,0,0,0,1,0,0,0,6,1,0,0,0,0,2,0
2021/2/18,78,3,0,0,0,0,0,0,0,0,2,6,10,27,6,0,0,0,0,0,0,0,0,5,2,0,0,4,6,0,0,0,0,0,0,0,0,0,0,0,4,0,0,1,2,0,0,0
2021/2/19,59,3,1,1,0,0,0,2,2,1,0,7,2,11,4,0,0,1,0,0,0,4,0,6,0,2,2,2,2,0,0,0,0,3,0,0,0,0,1,0,1,0,0,1,0,0,0,0
2021/2/20,84,6,0,0,1,0,0,0,0,3,0,10,4,27,8,0,0,0,0,0,0,0,0,3,0,1,0,4,1,1,0,0,0,0,0,0,0,0,0,0,8,0,0,0,0,0,0,7
2021/2/21,57,0,0,0,0,0,0,0,1,1,0,9,6,17,7,0,0,0,0,0,0,3,0,1,0,0,0,1,2,0,0,0,0,0,2,0,0,0,0,0,4,0,0,0,0,0,0,3
2021/2/22,55,4,0,0,0,0,0,3,0,0,0,4,10,9,1,0,0,0,0,0,0,2,1,4,1,1,4,3,0,0,0,0,0,0,0,1,0,0,0,0,5,1,0,0,1,0,0,0
2021/2/23,55,5,0,0,1,0,0,0,0,0,0,3,11,11,6,0,0,0,0,0,0,1,0,4,2,0,0,5,1,0,0,0,0,0,0,0,0,0,0,0,4,0,0,0,0,0,1,0
2021/2/24,63,2,1,0,0,0,0,0,2,0,1,6,10,17,5,0,0,0,0,0,0,2,0,4,1,0,1,4,3,0,1,0,0,0,0,0,0,0,0,0,2,0,0,0,0,0,1,0
2021/2/25,75,4,0,0,0,0,0,1,1,1,0,4,11,23,8,1,0,1,0,0,0,0,0,0,0,0,0,5,7,0,0,0,0,0,1,1,0,0,0,0,6,0,0,0,0,0,0,0
2021/2/26,85,4,0,0,0,0,0,0,0,0,0,9,7,30,7,0,0,0,0,0,0,1,0,1,1,1,0,6,8,0,0,0,0,3,0,1,0,0,0,0,2,0,0,0,0,0,0,4
2021/2/27,53,0,0,0,0,0,0,0,0,0,0,11,6,15,4,0,1,0,0,0,0,0,0,2,0,1,0,3,6,0,0,0,0,0,0,0,0,0,0,0,3,0,0,0,0,0,0,1
2021/2/28,27,2,0,0,0,0,0,1,3,0,0,5,3,6,1,0,0,0,0,0,0,1,0,1,0,0,0,2,0,1,0,0,0,0,0,0,0,0,0,0,1,0,0,0,0,0,0,0
2021/3/1,46,2,0,0,0,0,0,0,1,0,0,7,3,19,1,0,0,0,0,1,0,1,0,0,0,1,2,2,0,1,0,0,0,0,0,1,0,0,0,0,4,0,0,0,0,0,0,0
2021/3/2,51,5,0,0,0,0,0,0,4,1,1,11,5,5,2,0,0,0,0,0,0,0,0,4,1,0,0,4,4,0,0,0,0,0,0,0,0,0,0,0,2,0,0,0,0,0,1,1
2021/3/3,68,3,0,0,0,0,0,2,1,0,0,8,3,19,7,0,0,0,0,0,0,1,0,4,1,0,0,3,7,0,0,0,0,0,0,0,0,0,0,0,8,0,1,0,0,0,0,0
2021/3/4,67,2,0,0,0,0,0,3,1,0,1,8,3,23,5,0,0,0,0,0,0,0,1,5,1,0,1,2,8,0,0,0,0,0,0,1,0,0,0,0,2,0,0,0,0,0,0,0
2021/3/5,59,1,0,0,0,0,0,1,0,1,0,11,3,12,10,0,0,0,0,0,0,0,1,4,1,0,1,4,5,0,0,0,0,1,1,0,0,0,0,1,0,0,0,0,1,0,0,0
2021/3/6,49,1,0,0,0,0,0,3,0,0,1,10,5,8,9,0,0,0,0,0,0,0,2,3,0,0,0,2,2,0,0,0,0,0,0,1,0,0,1,0,0,1,0,0,0,0,0,0
2021/3/7,26,2,0,0,0,0,0,1,0,0,0,8,5,0,2,0,0,0,0,0,0,2,1,2,0,0,0,1,1,1,0,0,0,0,0,0,0,0,0,0,0,0,0,0,0,0,0,0
2021/3/8,45,0,0,0,0,0,0,1,2,0,1,3,5,17,0,1,0,0,0,0,0,1,1,1,2,0,4,2,1,0,0,0,0,0,0,1,0,0,0,0,1,0,0,1,0,0,0,0
2021/3/9,54,3,0,0,0,0,0,4,0,0,0,6,4,21,1,0,0,0,0,0,0,0,0,3,0,1,0,5,1,0,0,0,0,0,0,0,1,0,0,1,2,1,0,0,0,0,0,0
2021/3/10,50,1,0,0,0,0,0,2,2,0,0,5,6,18,5,0,0,0,0,0,0,0,1,1,2,0,1,2,2,0,0,0,0,0,0,0,0,0,0,0,0,0,0,0,0,0,0,2
2021/3/11,49,3,0,0,0,0,0,2,0,0,1,2,4,18,11,0,0,0,0,0,0,0,0,3,1,0,0,2,0,0,0,0,0,0,0,0,0,0,0,0,2,0,0,0,0,0,0,0
2021/3/12,58,4,0,0,0,0,0,0,1,0,0,3,3,25,4,0,0,0,0,0,0,1,2,3,1,0,1,4,2,0,0,0,0,1,0,0,1,0,0,0,1,0,0,0,0,1,0,0
2021/3/13,51,2,0,0,0,0,0,1,0,0,1,10,6,16,4,0,0,0,0,0,0,1,0,3,0,0,0,4,1,0,0,0,0,0,0,0,0,0,0,0,2,0,0,0,0,0,0,0
2021/3/14,30,1,0,0,0,0,0,4,0,0,0,9,0,3,5,0,0,0,0,0,0,1,0,2,0,1,0,0,2,0,0,0,0,0,0,0,0,0,0,0,2,0,0,0,0,0,0,0
2021/3/15,32,2,0,0,0,0,0,0,0,1,1,6,3,9,1,0,0,0,0,1,0,0,2,0,0,2,0,2,0,0,0,0,0,0,0,0,0,0,0,0,1,0,0,1,0,0,0,0
2021/3/16,56,6,0,0,1,0,0,2,1,0,1,6,9,16,2,0,0,0,0,0,0,0,1,4,1,0,0,2,0,0,0,0,0,0,0,1,0,0,0,0,2,0,1,0,0,0,0,0
2021/3/17,39,4,0,0,0,0,0,0,1,0,1,0,6,7,6,0,0,1,0,0,0,1,2,2,1,0,0,2,0,1,0,0,0,0,0,0,0,0,0,0,3,0,0,0,0,0,0,1
2021/3/18,41,0,0,0,1,0,1,2,0,1,0,1,6,12,6,0,0,0,0,0,0,0,1,1,0,0,0,1,6,0,0,0,0,0,0,0,0,0,0,0,1,1,0,0,0,0,0,0
2021/3/19,32,6,0,0,0,0,0,4,0,0,1,0,4,6,1,0,0,0,0,0,0,1,1,2,1,0,1,1,0,0,0,0,0,1,0,0,0,0,0,0,2,0,0,0,0,0,0,0
2021/3/20,22,4,0,0,0,0,0,0,0,0,0,4,4,2,2,0,0,0,0,0,0,0,0,4,1,0,0,0,0,0,0,0,0,0,0,0,0,0,0,0,1,0,0,0,0,0,0,0
2021/3/21,23,2,0,0,0,0,0,1,0,0,0,8,0,4,1,0,0,0,0,0,0,1,1,1,0,0,0,0,0,1,0,0,0,0,0,0,0,0,0,0,2,0,0,0,0,0,1,0
2021/3/22,26,2,0,0,0,0,0,0,1,0,0,2,2,7,0,0,0,0,0,0,0,1,4,0,0,0,1,5,1,0,0,0,0,0,0,0,0,0,0,0,0,0,0,0,0,0,0,0
2021/3/23,47,2,0,0,0,0,0,2,0,0,4,0,3,18,4,0,0,1,0,0,0,1,1,1,0,1,0,2,0,1,0,0,0,0,1,0,0,0,0,0,2,0,0,0,0,0,0,3
2021/3/24,30,2,0,0,0,0,0,1,1,0,1,0,2,6,3,1,0,0,0,0,0,0,0,1,0,0,1,1,7,0,0,0,0,0,2,0,0,0,0,0,1,0,0,0,0,0,0,0
2021/3/25,29,3,0,0,0,0,0,1,0,0,0,0,7,7,3,0,0,0,0,0,0,0,0,0,1,2,0,2,3,0,0,0,0,0,0,0,0,0,0,0,0,0,0,0,0,0,0,0
2021/3/26,31,2,0,0,0,0,0,2,1,0,0,3,1,15,1,0,0,0,0,0,0,0,0,1,0,0,1,1,0,0,0,0,0,0,0,0,0,0,0,0,1,1,0,0,0,0,0,1
2021/3/27,32,0,0,0,1,0,0,0,0,0,0,4,4,16,1,0,0,0,0,0,0,0,0,0,1,0,0,2,1,1,0,0,0,0,0,0,0,0,0,0,1,0,0,0,0,0,0,0
2021/3/28,30,1,0,0,1,0,0,0,0,0,0,1,1,20,0,0,0,0,0,0,0,0,0,2,1,0,0,1,0,1,0,0,0,0,0,0,0,0,0,0,1,0,0,0,0,0,0,0
2021/3/29,25,1,0,0,1,0,0,0,0,0,0,0,3,12,0,1,0,0,0,1,0,1,0,0,0,0,0,2,0,1,0,0,0,0,0,0,0,0,0,0,0,1,0,0,0,0,0,1
2021/3/30,27,2,0,0,0,0,0,1,1,0,0,0,0,10,1,0,0,0,0,0,0,0,2,2,0,0,1,4,2,0,0,0,0,0,0,0,0,1,0,0,0,0,0,0,0,0,0,0
2021/3/31,49,3,0,0,1,0,0,0,0,0,0,1,5,23,3,0,1,0,0,0,0,1,1,3,0,1,0,2,1,1,0,0,0,0,0,0,0,0,0,0,1,0,1,0,0,0,0,0
2021/4/1,23,3,0,0,0,0,1,1,0,0,0,0,2,4,4,0,0,0,0,0,0,0,0,3,0,1,0,0,4,0,0,0,0,0,0,0,0,0,0,0,0,0,0,0,0,0,0,0
2021/4/2,27,2,0,0,1,0,0,3,0,0,0,3,3,2,1,0,0,0,0,0,0,1,0,1,1,0,1,5,3,0,0,0,0,0,0,0,0,0,0,0,0,0,0,0,0,0,0,0
2021/4/3,8,0,0,0,0,0,0,1,0,0,0,0,1,0,1,0,0,0,0,0,0,0,0,2,0,0,0,2,0,0,0,0,0,0,0,0,0,0,0,0,1,0,0,0,0,0,0,0
2021/4/4,10,0,0,0,0,0,0,1,0,0,0,0,1,0,0,0,0,0,0,0,0,1,0,2,0,0,0,3,1,0,0,0,0,0,0,0,1,0,0,0,0,0,0,0,0,0,0,0
2021/4/5,18,0,0,0,2,0,0,0,0,0,0,1,2,3,0,0,0,0,0,0,0,1,0,2,1,2,1,1,1,0,0,0,0,0,0,0,0,0,0,0,0,0,0,0,0,0,0,1
2021/4/6,30,6,0,0,1,0,0,0,0,0,0,3,3,6,1,0,0,1,0,0,1,1,0,3,0,0,2,2,0,0,0,0,0,0,0,0,0,0,0,0,0,0,0,0,0,0,0,0
2021/4/7,22,4,0,0,1,0,0,0,0,0,2,2,1,4,1,0,0,0,2,0,0,0,1,1,0,0,0,2,0,0,0,0,0,0,0,0,1,0,0,0,0,0,0,0,0,0,0,0
2021/4/8,33,4,0,0,3,0,0,0,1,0,0,5,2,5,3,0,0,0,0,0,0,0,1,2,0,0,0,3,2,0,0,0,0,0,0,0,1,0,0,0,1,0,0,0,0,0,0,0
2021/4/9,20,4,0,0,2,0,0,0,0,0,0,0,1,4,1,0,0,1,0,0,0,0,0,1,0,1,0,2,1,1,0,0,0,0,0,0,1,0,0,0,0,0,0,0,0,0,0,0
2021/4/10,29,2,0,0,0,0,1,1,0,0,0,0,2,5,2,0,0,0,0,0,0,0,1,3,0,0,0,7,5,0,0,0,0,0,0,0,0,0,0,0,0,0,0,0,0,0,0,0
2021/4/11,18,3,0,0,1,0,0,0,0,0,0,1,0,0,3,0,0,0,0,0,1,0,0,2,1,0,0,4,2,0,0,0,0,0,0,0,0,0,0,0,0,0,0,0,0,0,0,0
2021/4/12,25,3,0,0,1,0,2,0,0,0,0,2,3,1,0,0,0,0,0,0,1,0,0,2,0,0,1,4,1,0,1,0,0,0,0,0,0,0,1,0,2,0,0,0,0,0,0,0
2021/4/13,44,3,0,0,0,3,2,0,1,0,0,0,5,7,1,0,0,0,0,0,3,0,0,0,1,0,0,8,0,1,0,0,0,0,1,0,2,0,0,0,5,0,0,0,0,0,0,1
2021/4/14,31,2,0,1,1,0,0,0,0,0,0,3,2,8,1,0,0,0,1,0,0,0,0,1,0,0,2,7,1,1,0,0,0,0,0,0,0,0,0,0,0,0,0,0,0,0,0,0
2021/4/15,38,5,0,0,0,0,0,0,0,0,1,1,2,9,0,0,0,0,1,0,2,0,0,1,0,0,0,4,9,2,0,0,0,0,0,0,1,0,0,0,0,0,0,0,0,0,0,0
2021/4/16,46,4,0,0,1,0,2,0,0,0,0,5,2,8,0,0,0,0,0,0,0,0,0,2,0,0,0,16,1,1,0,0,0,0,0,0,0,0,2,0,2,0,0,0,0,0,0,0
2021/4/17,38,3,0,0,1,0,2,0,0,0,0,2,0,10,0,0,0,0,2,0,1,0,0,0,0,1,0,12,4,0,0,0,0,0,0,0,0,0,0,0,0,0,0,0,0,0,0,0
2021/4/18,19,4,0,0,0,0,1,0,0,0,0,0,0,1,0,0,0,0,0,0,2,0,0,4,0,0,0,3,2,0,0,0,0,0,0,0,1,0,0,0,1,0,0,0,0,0,0,0
2021/4/19,30,4,0,0,3,0,1,0,1,0,0,2,1,0,1,0,0,1,0,0,1,0,0,0,1,1,3,4,2,0,1,0,0,0,0,0,1,0,1,0,0,0,1,0,0,0,0,0
2021/4/20,39,4,0,0,2,0,1,1,0,0,0,3,7,5,0,0,0,1,0,0,0,0,0,1,0,0,0,8,0,2,0,0,0,0,0,0,1,1,0,0,0,0,0,2,0,0,0,0
2021/4/21,54,7,0,0,2,0,1,0,0,0,0,2,3,4,1,0,0,0,0,0,1,0,0,1,0,0,0,20,7,1,0,0,0,0,0,0,0,0,1,0,1,0,0,1,1,0,0,0
2021/4/22,36,5,0,0,1,0,0,1,0,0,0,0,2,8,1,0,0,0,0,0,0,0,0,1,0,0,0,8,5,1,0,0,0,0,1,0,1,0,0,0,0,0,0,0,1,0,0,0
2021/4/23,54,5,0,0,0,0,0,1,1,0,0,0,1,5,2,0,0,0,1,0,0,1,0,1,1,0,2,15,7,2,2,0,0,2,0,0,2,0,0,0,0,0,0,0,0,0,0,3
2021/4/24,59,6,1,0,5,0,0,0,0,0,1,2,1,3,3,0,0,0,1,0,4,0,0,2,1,0,0,16,8,2,0,0,0,0,1,0,1,0,1,0,0,0,0,0,0,0,0,0
2021/4/25,59,5,1,0,0,0,2,0,1,0,0,1,1,4,4,0,0,1,0,0,4,0,0,1,0,0,0,21,4,2,0,0,0,0,0,0,3,1,2,0,1,0,0,0,0,0,0,0
2021/4/26,32,6,0,0,1,0,0,0,1,1,0,0,0,0,0,0,0,0,0,0,0,1,0,0,0,0,1,15,2,0,2,0,0,0,0,0,2,0,0,0,0,0,0,0,0,0,0,0
2021/4/27,51,6,0,0,1,0,0,2,0,0,0,2,2,3,0,4,0,0,0,0,4,0,0,0,2,0,0,14,4,1,1,0,0,0,0,0,1,0,1,0,2,0,0,0,0,0,0,1
2021/4/28,52,5,0,0,2,0,0,0,0,0,0,3,2,1,2,0,0,2,0,0,2,0,0,5,2,0,3,14,5,0,1,0,0,0,0,0,1,1,0,0,0,0,0,1,0,0,0,0
2021/4/29,87,2,0,0,3,0,0,0,0,0,1,2,2,9,2,0,0,0,0,0,0,1,0,3,0,0,0,44,4,2,1,0,0,0,0,1,3,0,4,0,1,0,1,0,1,0,0,0
2021/4/30,35,4,0,0,0,0,0,0,0,0,0,0,0,2,0,3,0,0,0,0,0,0,0,1,0,0,1,8,3,2,1,0,0,3,0,0,1,0,3,1,0,0,0,0,0,0,0,2
2021/5/1,67,1,0,0,0,0,0,1,1,0,0,0,2,6,2,0,0,2,0,0,0,0,0,1,1,0,0,41,2,1,0,0,0,0,0,0,0,0,1,0,3,0,0,0,1,0,0,1
2021/5/2,65,6,1,1,3,0,1,0,1,0,0,0,0,1,3,0,0,0,0,0,0,0,0,2,5,0,0,16,13,0,1,0,0,0,1,2,1,0,4,0,2,0,0,1,0,0,0,0
2021/5/3,58,4,0,0,0,0,0,0,0,0,0,0,1,0,1,0,0,2,0,0,2,2,0,2,0,0,0,19,12,0,4,0,0,0,0,0,3,1,0,0,4,0,0,1,0,0,0,0
2021/5/4,50,5,0,0,0,0,1,1,0,0,0,1,1,1,0,0,1,2,0,0,0,3,1,3,0,0,1,20,2,1,0,0,0,0,0,0,0,0,1,0,3,1,1,0,0,0,0,0
2021/5/5,47,2,1,1,0,0,0,0,0,0,0,0,1,0,1,0,0,1,0,0,0,0,1,2,1,2,0,25,4,1,0,0,0,0,0,0,0,0,2,0,0,0,0,0,2,0,0,0
2021/5/6,72,5,0,0,2,0,1,1,0,0,0,1,1,4,2,0,0,0,0,0,0,0,0,3,0,1,2,28,13,3,0,0,0,0,0,0,0,0,2,0,0,0,1,1,0,1,0,0
2021/5/7,113,4,0,0,1,0,0,1,0,1,2,0,7,6,0,0,1,2,0,0,2,1,1,2,1,3,2,50,4,4,0,0,0,9,0,0,1,0,3,0,3,0,0,1,0,0,0,1
2021/5/8,121,3,2,1,0,0,0,0,0,0,0,2,5,6,6,0,0,4,0,0,0,0,0,3,0,0,0,41,39,0,1,0,0,0,0,0,2,0,1,0,4,0,1,0,0,0,0,0
2021/5/9,53,7,0,1,0,0,1,1,0,1,0,2,1,3,2,0,0,1,0,0,0,0,0,2,0,0,0,19,6,0,0,0,0,0,1,2,1,0,1,0,1,0,0,0,0,0,0,0
2021/5/10,65,4,0,1,2,0,0,1,0,0,1,0,1,2,4,0,0,3,0,0,0,0,3,5,2,0,2,15,8,2,0,0,0,0,0,1,0,0,2,0,3,0,1,1,0,0,0,1
2021/5/11,123,5,0,0,0,0,0,0,0,1,2,1,6,3,4,2,1,0,0,0,0,2,2,3,2,0,1,55,19,3,0,0,0,0,0,0,1,0,3,0,2,1,1,0,2,1,0,0
2021/5/12,101,7,1,2,0,0,1,0,0,0,1,3,0,8,1,0,0,0,1,0,0,2,0,1,2,1,0,50,14,1,0,0,0,0,0,0,0,0,3,0,0,0,0,0,0,1,0,1
2021/5/13,90,6,0,1,1,0,0,0,1,0,1,3,2,7,5,0,0,4,0,0,0,0,0,3,0,0,1,33,7,1,1,0,0,0,0,1,2,0,1,0,6,0,1,1,1,0,0,0
2021/5/14,110,8,0,0,0,0,0,1,1,0,0,0,3,2,2,0,0,1,0,0,0,0,1,2,1,1,1,33,22,3,0,0,0,19,1,1,0,1,0,0,4,0,1,0,1,0,0,0
2021/5/15,98,2,0,0,0,0,0,0,0,0,3,2,2,11,5,0,0,3,0,0,1,1,0,4,0,0,0,42,8,1,0,0,0,2,0,0,1,0,0,0,6,0,2,0,1,0,0,1
2021/5/16,45,5,0,1,0,0,0,1,0,0,1,2,0,0,0,0,0,0,0,0,2,0,0,3,0,0,0,15,7,1,0,0,0,1,0,0,1,0,2,0,1,0,2,0,0,0,0,0
2021/5/17,116,10,0,0,2,0,0,0,0,0,2,3,0,7,1,7,0,1,0,0,0,0,1,3,0,3,0,23,40,1,0,0,0,2,1,2,0,0,1,0,0,1,2,2,0,0,0,1
2021/5/18,228,8,0,1,2,2,0,0,1,0,2,1,2,11,3,0,0,0,0,0,1,2,0,9,1,2,0,33,129,1,0,0,0,1,0,0,2,0,0,0,5,0,0,3,2,0,0,4
2021/5/19,91,12,0,1,1,0,0,2,1,0,2,3,1,15,1,0,1,1,0,0,0,1,0,5,1,0,1,22,10,0,1,0,0,2,1,2,0,0,0,0,0,0,2,0,2,0,0,0
2021/5/20,110,9,0,0,1,0,0,0,0,0,1,1,1,13,2,0,1,0,0,0,0,2,0,5,1,0,2,32,21,0,0,0,0,4,2,0,0,0,1,0,8,1,1,0,0,0,0,1
2021/5/21,109,12,1,0,1,0,0,0,2,0,1,3,4,13,4,0,0,0,0,0,0,1,1,5,2,0,1,22,18,1,1,0,0,3,1,1,1,0,2,0,3,1,3,0,0,0,0,1
2021/5/22,88,5,0,1,0,1,0,0,1,0,1,4,3,5,4,0,0,0,0,0,0,1,0,8,0,1,0,24,14,1,0,0,0,3,0,1,1,0,1,0,6,0,1,1,0,0,0,0
2021/5/23,62,11,0,0,0,0,1,0,0,1,3,0,0,2,0,0,0,0,0,0,0,0,0,6,0,0,0,14,9,2,2,0,0,4,0,0,1,0,0,0,3,0,0,2,1,0,0,0
2021/5/24,86,15,0,0,0,0,0,0,1,0,1,0,0,0,0,0,0,0,0,0,0,0,1,6,2,0,1,35,8,2,1,0,0,2,2,1,0,0,0,0,6,0,0,1,0,0,1,0
2021/5/25,98,9,0,0,0,0,0,3,0,0,2,1,3,9,1,2,1,1,0,0,0,3,1,4,0,1,2,27,15,2,0,0,0,3,0,0,0,0,1,0,5,0,1,1,0,0,0,0
2021/5/26,105,13,1,0,0,0,1,2,1,0,3,0,4,5,1,0,0,2,0,0,0,1,1,10,0,3,0,27,17,2,1,0,0,2,0,2,0,0,0,0,2,0,1,0,2,0,1,0
2021/5/27,113,11,0,0,0,0,1,2,1,0,1,1,3,11,6,0,0,0,0,0,4,2,1,13,0,0,1,30,12,0,1,0,0,3,0,0,0,0,0,0,6,1,0,0,2,0,0,0
2021/5/28,106,17,1,0,1,0,0,0,0,3,2,3,1,6,1,0,0,0,0,0,3,2,0,15,0,0,4,13,10,4,1,0,0,2,6,0,0,0,0,0,5,0,0,3,3,0,0,0
2021/5/29,101,12,0,0,0,0,1,1,2,0,1,0,0,6,4,0,0,1,0,0,0,3,0,13,1,0,2,31,9,1,0,0,0,1,1,0,0,0,0,0,8,0,1,0,2,0,0,0
2021/5/30,47,15,0,1,0,0,0,2,0,0,1,2,0,0,0,0,0,2,0,0,0,2,0,6,1,0,0,8,5,0,1,0,0,0,0,0,0,0,0,0,1,0,0,0,0,0,0,0
2021/5/31,81,19,0,1,0,2,0,1,2,0,0,0,0,1,0,0,0,1,0,0,0,0,1,8,1,0,0,16,9,0,0,0,0,2,4,2,0,0,0,0,8,0,1,0,0,0,0,2
2021/6/1,91,16,0,0,0,0,0,0,1,0,1,3,2,7,2,0,1,1,0,0,1,2,1,6,1,1,2,21,11,0,0,0,0,1,1,2,0,1,0,0,4,0,1,0,0,0,0,1
2021/6/2,105,10,0,0,0,0,1,0,1,0,0,4,2,13,2,3,0,0,0,0,0,1,0,12,0,1,2,27,10,0,1,0,0,0,3,0,0,1,0,0,4,0,1,1,3,1,0,1
2021/6/3,119,18,0,0,0,0,1,3,0,0,0,3,5,16,10,0,0,2,0,0,1,1,0,13,0,0,1,19,4,2,0,0,0,2,3,1,1,0,1,0,4,1,1,3,2,0,0,1
2021/6/4,85,7,0,0,0,2,0,2,1,0,1,0,3,4,6,1,0,0,0,0,0,0,0,8,0,0,3,22,5,1,0,0,0,1,3,0,0,0,1,1,7,1,0,2,3,0,0,0
2021/6/5,74,16,0,1,0,0,2,3,0,0,2,5,0,8,6,0,0,0,0,0,0,1,0,8,0,1,1,8,3,0,0,0,0,1,4,0,1,0,0,0,2,0,0,1,0,0,0,0
2021/6/6,51,12,0,0,0,0,0,1,1,0,2,1,1,5,1,0,0,1,0,0,0,0,0,7,0,0,2,5,6,0,0,0,0,1,0,2,0,0,0,0,1,0,0,1,0,0,1,0
2021/6/7,71,15,0,0,1,2,0,0,1,1,1,1,1,3,1,0,0,0,0,1,0,2,1,4,0,0,0,15,8,1,0,0,0,2,1,1,0,0,0,0,3,1,0,3,0,0,0,1
2021/6/8,98,19,0,0,0,0,0,0,1,0,1,4,1,10,3,0,1,0,0,0,2,1,2,8,0,0,2,25,9,0,0,0,0,1,0,1,0,0,1,0,2,0,0,0,3,0,1,0
2021/6/9,98,16,0,0,0,0,1,2,2,1,0,2,0,7,5,5,0,1,0,0,0,4,2,7,0,1,2,27,4,0,2,0,0,1,0,0,0,0,0,0,3,1,0,0,0,0,0,2
2021/6/10,66,11,0,0,0,0,0,0,0,0,1,3,1,6,2,1,0,0,0,0,0,0,0,8,1,0,1,17,5,1,0,0,0,4,1,0,0,0,0,0,1,0,0,0,0,1,1,0
2021/6/11,69,17,0,0,0,1,0,0,0,0,1,4,0,8,1,0,0,0,0,0,0,1,0,9,0,0,1,11,9,0,0,0,0,1,4,0,0,0,0,0,0,0,0,0,1,0,0,0
2021/6/12,56,15,0,0,0,0,0,0,0,0,0,0,1,8,3,0,0,1,0,0,2,0,0,6,0,0,2,12,1,0,0,0,0,0,0,0,0,0,0,0,2,0,0,0,0,0,0,3
2021/6/13,38,4,0,0,0,0,0,0,0,0,0,3,0,6,0,0,0,1,0,0,0,3,0,7,0,1,0,6,0,1,0,0,0,0,3,0,0,1,0,0,1,0,0,1,0,0,0,0
2021/6/14,55,13,0,0,0,1,0,3,0,0,1,1,0,3,0,0,0,0,0,0,0,1,1,2,1,1,0,10,3,1,1,0,0,0,3,2,0,1,0,1,0,0,0,1,0,0,0,4
2021/6/15,61,18,0,0,0,0,0,0,1,0,0,2,2,12,0,1,0,0,0,0,1,1,0,5,0,1,1,4,4,0,0,0,0,1,3,0,0,0,0,1,3,0,0,0,0,0,0,0
2021/6/16,82,8,1,0,1,0,0,0,2,0,0,3,0,12,6,0,0,0,0,0,0,1,1,6,0,1,2,19,5,0,0,0,1,2,1,0,0,1,0,0,6,0,1,1,1,0,0,0
2021/6/17,51,4,0,0,0,0,0,0,0,0,0,1,3,7,1,0,0,2,0,0,0,1,0,9,0,1,1,4,2,0,0,0,0,0,4,0,0,0,0,0,7,0,0,0,0,0,0,4
2021/6/18,45,3,0,0,0,0,0,1,1,1,0,1,1,2,2,0,0,0,0,0,0,0,2,7,0,0,1,17,1,1,0,0,0,0,0,0,0,0,0,0,3,1,0,0,0,0,0,0
2021/6/19,34,6,0,0,1,0,0,0,0,0,0,1,1,4,3,0,0,0,0,0,1,0,0,6,0,0,1,5,0,1,0,0,0,1,1,0,0,0,0,0,0,0,0,0,1,0,1,0
2021/6/20,23,2,0,0,0,0,1,2,0,0,0,0,0,1,0,0,0,0,0,0,0,0,0,6,0,0,0,3,1,1,0,0,0,0,1,1,0,1,0,0,2,0,0,0,0,0,1,0
2021/6/21,32,4,0,0,0,0,0,0,0,0,2,0,0,1,0,0,0,0,0,0,0,0,0,4,1,1,0,13,0,1,0,0,0,0,1,1,0,0,0,0,0,0,0,2,0,0,1,0
2021/6/22,42,12,0,0,0,0,0,0,1,0,0,0,0,5,1,0,0,0,0,0,0,2,1,6,0,0,0,4,1,0,1,0,0,0,0,0,0,0,0,1,1,0,0,0,0,0,2,4
2021/6/23,57,11,0,0,1,0,0,0,0,0,0,1,0,10,2,0,0,0,0,1,0,0,1,4,0,1,1,15,2,1,0,0,0,1,0,1,0,0,0,0,3,0,0,0,1,0,0,0
2021/6/24,45,4,0,0,1,0,0,0,0,0,1,2,1,3,2,0,0,1,0,0,0,0,1,2,0,0,2,11,3,1,0,0,0,1,3,2,0,0,0,0,0,0,0,0,0,0,0,4
2021/6/25,28,4,0,0,0,0,0,0,0,0,0,0,1,2,1,0,0,0,0,0,0,0,0,3,0,0,2,5,1,1,0,0,0,0,1,1,0,0,0,0,2,0,0,0,0,0,0,4
2021/6/26,31,5,0,0,0,0,0,0,0,0,0,1,1,4,2,0,0,0,0,0,0,1,0,2,0,0,1,7,3,0,0,0,0,0,3,0,0,0,0,0,1,0,0,0,0,0,0,0
2021/6/27,13,3,0,0,1,0,0,0,1,0,0,0,0,1,0,0,1,0,0,0,0,0,0,5,0,0,0,0,1,0,0,0,0,0,0,0,0,0,0,0,0,0,0,0,0,0,0,0
2021/6/28,35,4,0,0,1,0,0,0,1,0,0,0,0,4,1,0,0,0,0,0,0,0,0,0,1,0,0,14,2,0,0,0,0,0,0,0,0,0,0,1,1,0,0,3,0,0,0,2
2021/6/29,35,5,0,0,0,0,0,0,0,0,0,0,1,4,2,5,0,0,0,0,0,0,0,5,0,0,1,7,3,0,0,0,0,0,1,0,0,0,0,0,0,0,0,0,1,0,0,0
2021/6/30,41,5,0,0,0,0,0,0,0,0,0,1,1,3,1,0,0,0,0,0,0,1,0,1,1,0,0,3,19,2,0,0,0,0,0,0,0,1,0,0,0,0,0,0,0,0,0,2
2021/7/1,21,1,0,0,0,0,0,0,1,0,0,1,0,2,1,0,0,0,1,0,0,0,0,1,0,0,1,6,1,0,0,0,0,0,0,0,0,0,0,0,0,0,0,1,0,0,0,4
2021/7/2,22,1,0,0,0,0,0,0,0,0,0,0,2,2,2,0,0,0,0,0,0,0,1,2,0,0,2,3,0,0,0,0,0,0,0,0,0,0,0,1,1,0,0,1,0,0,0,4
2021/7/3,18,2,0,1,0,0,0,0,0,1,0,0,2,0,1,0,0,0,0,0,0,0,0,7,0,0,1,0,0,0,0,0,0,0,0,1,0,0,0,0,1,0,0,0,1,0,0,0
2021/7/4,6,2,0,0,0,0,0,0,0,0,0,0,0,1,0,0,0,0,0,0,0,0,1,0,0,0,0,0,0,0,0,0,0,0,0,2,0,0,0,0,0,0,0,0,0,0,0,0
2021/7/5,14,5,0,0,0,0,0,0,0,0,1,0,0,1,0,0,0,0,0,0,2,0,0,0,0,0,0,1,0,0,0,0,1,0,0,0,0,0,0,1,1,0,0,0,0,0,1,0
2021/7/6,22,1,0,0,0,0,0,0,1,0,1,0,2,1,1,0,0,0,0,0,0,0,0,3,0,0,0,4,0,1,0,0,0,0,1,0,0,0,0,0,0,0,0,1,0,0,0,5
2021/7/7,13,0,0,0,0,0,0,0,0,0,0,1,1,3,3,0,0,0,0,0,0,0,0,2,0,0,0,2,1,0,0,0,0,0,0,0,0,0,0,0,0,0,0,0,0,0,0,0
2021/7/8,20,0,0,0,0,0,0,0,0,0,0,2,2,2,3,0,0,0,0,0,0,0,0,2,1,0,0,3,0,0,0,0,0,0,0,0,0,0,0,0,0,0,0,0,0,0,0,5
2021/7/9,16,1,0,0,1,0,0,0,0,0,0,0,0,2,1,1,0,0,0,0,0,0,0,1,0,0,0,2,0,0,0,0,0,0,0,0,0,0,0,0,2,0,0,0,0,0,0,5
2021/7/10,15,0,0,0,0,0,0,0,0,0,0,1,1,5,3,0,0,0,0,0,0,0,0,2,0,0,1,1,1,0,0,0,0,0,0,0,0,0,0,0,0,0,0,0,0,0,0,0
2021/7/11,7,0,0,0,0,0,0,0,0,0,0,1,1,3,1,0,0,0,0,0,0,0,0,1,0,0,0,0,0,0,0,0,0,0,0,0,0,0,0,0,0,0,0,0,0,0,0,0
2021/7/12,4,0,0,0,0,0,0,0,0,0,0,1,1,0,0,1,0,0,0,0,0,0,0,1,0,0,0,0,0,0,0,0,0,0,0,0,0,0,0,0,0,0,0,0,0,0,0,0
2021/7/13,12,1,0,0,0,0,0,0,0,0,0,1,0,2,0,0,0,0,0,0,1,0,1,1,0,0,0,3,0,0,0,0,0,1,0,0,0,0,0,0,1,0,0,0,0,0,0,0
2021/7/14,19,0,0,0,0,0,0,0,0,0,0,1,0,4,2,0,0,0,0,0,0,0,0,3,0,0,0,2,0,0,0,0,0,0,1,0,0,0,0,1,0,0,0,0,0,0,0,5
2021/7/15,24,2,0,0,0,0,0,0,0,0,0,0,4,4,2,0,0,0,0,0,0,0,0,4,0,0,1,2,0,0,0,0,0,0,0,0,0,0,0,1,0,0,0,0,0,0,0,4
2021/7/16,13,1,0,0,0,0,0,0,0,0,0,2,1,1,1,0,0,0,1,0,0,0,0,2,0,0,1,3,0,0,0,0,0,0,0,0,0,0,0,0,0,0,0,0,0,0,0,0
2021/7/17,13,1,0,0,0,0,0,0,0,1,0,0,2,2,1,0,0,0,0,0,0,0,0,1,0,0,0,4,0,0,0,0,0,0,1,0,0,0,0,0,0,0,0,0,0,0,0,0
2021/7/18,8,0,0,0,0,0,0,0,0,0,0,0,0,0,5,0,0,0,0,0,0,0,0,1,0,0,0,1,1,0,0,0,0,0,0,0,0,0,0,0,0,0,0,0,0,0,0,0
2021/7/19,12,1,0,0,0,0,0,0,0,0,0,0,0,1,1,0,0,0,0,0,0,0,0,1,0,0,0,0,0,0,0,0,0,0,0,0,0,0,0,0,2,0,0,1,0,0,0,5
2021/7/20,19,0,0,0,0,0,0,1,0,1,1,2,3,2,0,0,0,0,0,0,0,0,0,1,0,1,0,3,4,0,0,0,0,0,0,0,0,0,0,0,0,0,0,0,0,0,0,0
2021/7/21,18,0,0,0,0,0,0,0,0,0,0,1,0,4,1,0,0,1,0,0,0,0,1,1,0,0,0,4,0,0,0,0,0,0,0,0,0,0,0,0,0,0,0,1,0,0,0,4
2021/7/22,9,1,0,0,0,0,0,0,0,0,0,0,0,0,2,0,0,0,0,0,0,0,0,3,0,0,0,1,0,1,0,0,0,0,0,0,0,1,0,0,0,0,0,0,0,0,0,0
2021/7/23,9,3,0,0,0,0,0,0,0,0,0,0,0,1,1,0,0,0,0,0,0,1,0,1,0,1,0,0,0,0,0,0,0,0,0,0,0,0,1,0,0,0,0,0,0,0,0,0
2021/7/24,8,0,0,0,0,0,0,0,0,0,0,1,0,0,0,0,0,0,0,0,0,0,0,0,0,0,0,1,0,0,0,0,0,0,1,0,0,0,1,0,0,0,0,0,0,0,0,4
2021/7/25,5,0,0,0,0,0,0,0,0,0,0,0,0,0,0,0,0,0,0,0,0,0,0,1,0,0,0,1,0,0,0,0,0,0,0,0,0,0,0,0,0,0,0,0,0,0,0,3
2021/7/26,8,1,0,0,0,0,0,0,0,0,0,0,1,0,0,0,0,0,0,0,0,0,0,0,1,1,0,1,0,0,0,0,0,0,0,0,0,0,0,0,1,0,0,0,0,0,0,2
2021/7/27,14,1,0,0,0,0,0,0,1,0,0,0,2,2,2,0,0,0,0,0,0,0,1,2,0,0,0,0,0,0,0,0,0,0,0,0,0,0,0,0,3,0,0,0,0,0,0,0
2021/7/28,8,0,0,0,0,0,0,0,0,0,0,1,0,6,1,0,0,0,0,0,0,0,0,0,0,0,0,0,0,0,0,0,0,0,0,0,0,0,0,0,0,0,0,0,0,0,0,0
2021/7/29,13,0,0,0,0,0,0,0,0,0,0,1,1,3,0,0,0,1,0,0,0,0,0,2,0,0,0,2,1,0,0,0,0,0,0,0,0,0,0,0,0,0,0,0,0,0,0,2
2021/7/30,11,0,0,0,0,0,0,0,0,1,0,0,2,2,2,0,0,1,0,0,0,0,1,1,0,0,0,0,0,0,0,0,0,0,0,0,0,0,0,0,0,0,0,0,0,0,0,1
2021/7/31,8,1,1,0,0,0,0,0,1,0,0,0,0,3,1,0,0,0,0,0,0,0,1,0,0,0,0,0,0,0,0,0,0,0,0,0,0,0,0,0,0,0,0,0,0,0,0,0
2021/8/1,5,0,0,0,0,0,0,0,1,1,0,1,0,0,1,0,0,0,0,0,0,0,0,0,0,0,0,0,0,0,0,0,0,0,0,0,0,0,0,0,1,0,0,0,0,0,0,0
2021/8/2,7,1,0,0,0,0,0,0,0,1,0,1,0,0,2,0,0,0,0,0,0,0,0,0,0,0,0,1,0,0,0,0,0,0,0,0,0,0,0,0,1,0,0,0,0,0,0,0
2021/8/3,15,0,0,0,0,0,0,0,0,0,0,1,0,7,5,0,0,0,0,0,0,0,0,0,0,0,0,0,0,0,0,0,0,0,0,0,0,0,0,0,1,0,0,0,0,0,0,1
2021/8/4,9,0,0,0,0,0,0,0,1,1,0,0,0,1,0,0,0,0,0,0,0,0,0,1,0,1,0,2,1,0,0,0,0,0,0,0,0,0,0,0,1,0,0,0,0,0,0,0
2021/8/5,12,0,0,0,0,0,0,0,0,0,0,0,1,1,4,0,0,0,0,0,0,0,0,1,0,0,0,2,1,0,0,1,0,0,0,0,0,0,0,0,0,0,0,0,0,0,0,1
2021/8/6,15,1,0,0,0,1,0,0,0,0,0,2,1,4,1,0,0,0,0,0,0,0,0,0,0,0,0,2,1,0,0,0,0,0,0,0,0,0,0,0,1,0,0,0,0,0,0,1
2021/8/7,18,1,0,0,0,0,0,0,0,0,0,1,0,4,5,0,0,0,0,0,0,1,0,2,0,0,0,3,1,0,0,0,0,0,0,0,0,0,0,0,0,0,0,0,0,0,0,0
2021/8/8,7,0,0,0,0,0,0,0,0,1,0,0,0,1,1,0,0,0,0,0,0,0,0,1,0,0,0,2,0,0,0,0,0,0,0,0,0,0,0,0,0,1,0,0,0,0,0,0
2021/8/9,17,0,0,0,0,0,0,0,2,0,0,1,1,3,4,0,0,1,0,0,0,0,0,0,0,0,0,0,0,0,1,0,0,0,1,0,0,0,0,0,1,0,0,0,0,0,1,1
2021/8/10,14,1,0,0,0,0,0,0,0,1,0,2,0,3,0,0,0,0,0,0,0,0,0,0,0,0,0,0,1,1,0,0,0,0,0,0,0,0,0,0,2,0,0,0,0,0,1,2
2021/8/11,19,0,0,0,0,0,0,0,0,2,0,0,2,2,5,0,0,0,0,0,0,0,0,0,0,0,0,2,1,0,0,0,0,0,0,0,0,0,0,0,4,1,0,0,0,0,0,0
2021/8/12,28,0,0,0,1,0,0,0,0,1,0,1,4,6,2,0,0,0,0,0,0,0,1,3,0,0,0,4,1,0,0,0,0,0,0,0,0,0,0,1,2,0,0,0,0,0,0,1
2021/8/13,25,0,0,0,0,0,0,0,3,0,0,0,6,7,2,0,0,0,0,1,0,0,0,0,0,1,0,3,0,0,0,0,0,0,0,0,0,0,0,0,1,0,0,0,0,0,1,0
2021/8/14,17,1,0,1,0,0,0,0,0,1,0,0,5,0,3,0,0,1,0,0,0,0,0,0,2,0,0,0,0,0,0,0,0,0,0,0,0,0,0,0,1,0,0,0,0,0,0,2
2021/8/15,8,0,0,0,0,0,0,0,1,0,0,0,2,3,2,0,0,0,0,0,0,0,0,0,0,0,0,0,0,0,0,0,0,0,0,0,0,0,0,0,0,0,0,0,0,0,0,0
2021/8/16,23,0,0,0,1,0,0,0,0,0,0,3,0,5,0,0,0,0,0,1,0,1,1,2,1,0,0,1,2,0,0,0,0,0,0,0,0,1,0,0,2,1,0,0,0,0,0,1
2021/8/17,36,3,0,0,0,0,0,2,0,2,1,3,3,8,3,0,0,0,0,0,0,1,0,0,0,0,0,4,1,0,0,0,0,0,0,0,0,1,0,1,2,0,0,0,0,0,0,1
2021/8/18,34,0,0,0,0,0,0,0,0,1,0,0,8,6,11,0,0,0,0,0,0,0,0,1,0,0,0,5,0,0,0,0,0,0,0,0,0,0,0,0,1,0,0,0,1,0,0,0
2021/8/19,33,1,0,0,1,0,0,0,1,1,0,1,5,4,8,0,0,1,0,0,0,0,1,1,1,0,1,1,2,0,0,0,0,0,0,0,0,0,0,0,2,0,0,0,0,0,0,1
2021/8/20,29,1,1,0,0,0,0,0,1,1,0,1,5,7,4,0,0,0,0,0,0,0,2,0,0,0,0,1,0,0,1,0,0,0,0,0,0,0,0,0,2,0,0,1,0,1,0,0
2021/8/21,33,0,0,0,1,0,1,0,1,0,1,2,6,6,3,0,0,0,0,0,0,2,0,6,0,0,0,2,0,0,0,0,0,0,0,0,0,0,1,0,0,0,0,1,0,0,0,0
2021/8/22,35,0,0,0,0,0,0,1,1,0,0,0,6,8,9,0,1,0,0,0,0,0,0,3,2,0,0,2,0,0,0,0,0,0,0,0,0,0,0,0,0,0,0,0,0,0,2,0
2021/8/23,32,1,0,0,1,0,0,0,0,1,1,1,2,5,3,0,0,0,0,0,0,1,0,0,0,0,0,8,2,1,0,0,0,0,0,3,0,0,0,0,0,0,0,0,0,1,0,1
2021/8/24,30,1,0,0,0,0,0,0,0,0,0,3,4,9,2,0,0,0,0,0,0,1,1,1,1,0,0,5,1,0,0,0,0,0,0,0,0,0,0,0,1,0,0,0,0,0,0,0
2021/8/25,44,0,0,0,1,0,0,0,2,0,0,4,5,11,9,0,0,2,0,0,0,0,0,1,0,0,1,1,2,0,1,0,0,0,0,2,0,0,0,0,0,0,0,0,1,1,0,0
2021/8/26,60,0,0,0,0,1,0,0,1,0,0,1,18,11,9,0,0,0,0,0,0,1,2,1,2,0,0,6,1,1,0,0,0,0,0,0,0,0,1,0,1,0,0,0,0,0,0,3
2021/8/27,54,1,0,0,2,0,0,0,1,2,0,8,0,18,7,0,1,0,0,0,0,0,1,1,1,0,0,2,1,0,0,0,0,0,0,0,0,0,0,0,2,0,0,2,1,0,0,3
2021/8/28,45,2,0,0,1,0,0,0,0,0,1,2,9,19,2,0,0,0,0,0,0,2,0,1,0,0,1,2,1,1,1,0,0,0,0,0,0,0,0,0,0,0,0,0,0,0,0,0
2021/8/29,50,2,0,1,0,0,0,0,2,0,0,2,7,14,3,0,1,0,0,0,0,2,1,1,3,1,0,2,0,0,1,0,0,0,0,0,0,0,1,0,1,0,0,1,1,0,0,3
2021/8/30,48,3,0,0,1,0,0,0,1,0,0,1,6,12,2,0,0,0,0,2,0,0,3,0,3,0,0,2,3,0,1,0,0,0,1,0,0,0,0,0,3,0,0,1,0,3,0,0
2021/8/31,47,4,0,0,1,1,0,0,0,2,0,0,5,15,2,1,1,0,0,0,0,0,3,2,0,0,1,3,0,0,0,1,0,1,0,0,0,0,0,0,4,0,0,0,0,0,0,0
2021/9/1,82,3,0,0,1,0,0,0,5,0,0,6,22,7,11,0,0,0,0,0,0,2,1,3,3,0,0,12,0,0,0,0,0,0,0,1,0,0,0,0,1,0,0,0,1,0,3,0
2021/9/2,61,1,0,0,0,0,1,1,2,1,0,4,0,10,9,0,0,0,0,0,0,0,7,6,1,0,1,8,1,1,0,0,0,1,0,0,0,0,1,0,2,1,0,0,0,0,2,0
2021/9/3,63,2,0,0,1,0,0,2,0,0,2,2,7,10,11,0,0,0,0,0,0,1,3,2,2,1,0,6,2,1,0,0,0,0,2,1,1,0,0,0,0,0,0,0,0,0,1,3
2021/9/4,66,1,0,0,0,0,0,1,1,0,1,4,9,15,4,0,0,0,0,0,0,1,0,2,2,0,0,12,5,1,0,0,0,1,2,0,0,0,0,0,2,0,0,1,0,0,1,0
2021/9/5,41,0,0,1,0,0,1,0,0,0,0,2,10,10,4,0,2,0,0,0,0,0,1,3,0,0,0,3,0,1,0,0,0,2,0,0,0,0,0,0,0,0,0,0,0,0,1,0
2021/9/6,33,1,0,0,0,0,0,1,0,0,1,1,0,16,2,1,0,0,0,1,0,1,1,0,0,0,0,2,0,0,0,0,0,0,0,0,0,0,0,0,0,0,0,0,1,0,0,4
2021/9/7,49,3,0,0,0,0,0,0,2,0,0,2,3,16,2,0,0,0,0,0,0,0,0,2,2,0,0,6,2,0,0,1,0,0,1,0,0,0,0,0,2,0,0,2,0,0,1,2
2021/9/8,89,0,0,0,0,3,0,0,4,0,1,9,10,17,8,0,0,0,0,0,0,1,2,1,4,0,2,9,7,1,1,0,0,0,1,0,0,0,0,0,1,0,1,1,1,0,2,2
2021/9/9,78,0,0,0,0,0,1,3,0,0,0,4,12,19,7,0,0,0,0,0,1,0,5,4,0,0,0,8,3,0,1,0,0,0,2,0,0,0,0,0,4,0,0,0,2,1,1,0
2021/9/10,87,0,0,0,0,0,1,0,0,0,0,11,15,15,10,2,0,0,0,0,0,0,0,7,1,0,1,14,4,0,1,0,0,0,0,0,0,0,0,0,2,1,0,0,0,0,1,1
2021/9/11,52,1,0,0,2,0,1,0,0,0,1,6,7,17,6,0,1,0,0,0,0,0,0,3,2,0,0,1,0,0,0,0,0,0,0,0,0,0,0,0,1,0,0,0,0,0,0,3
2021/9/12,55,0,0,0,2,0,0,0,2,0,1,1,4,21,11,0,0,0,0,0,0,1,0,3,2,0,0,1,1,0,0,0,0,1,0,0,0,0,0,0,2,0,0,0,1,0,1,0
2021/9/13,49,1,0,0,0,0,0,0,2,1,0,8,0,12,3,0,0,0,0,2,0,0,0,2,0,0,1,4,5,2,0,0,0,0,0,1,0,0,0,0,2,0,1,0,0,2,0,0
2021/9/14,48,1,0,0,0,0,0,0,-1,0,0,7,3,14,2,0,1,0,0,0,0,0,3,4,0,1,0,4,2,0,1,0,0,1,0,0,0,0,0,0,2,0,0,0,1,2,0,0
2021/9/15,65,1,0,0,0,0,1,0,1,1,0,4,5,20,6,0,2,0,0,1,0,0,0,3,1,0,1,9,2,0,0,0,0,1,0,0,0,0,0,0,1,0,0,0,0,1,1,3
2021/9/16,71,1,0,0,0,0,1,0,1,0,0,2,5,24,12,0,0,0,0,0,0,1,0,5,0,0,0,12,1,0,0,0,0,0,1,0,0,0,0,0,2,0,0,0,0,0,1,2
2021/9/17,67,0,0,0,1,0,0,0,3,0,2,7,6,25,5,0,0,0,0,0,0,0,1,3,1,0,1,5,0,0,0,0,0,0,0,0,0,1,0,0,1,0,0,0,0,0,1,4
2021/9/18,59,0,0,1,2,0,0,0,1,1,0,1,3,20,4,0,0,0,0,0,0,0,0,5,1,0,0,9,2,0,0,0,0,0,1,0,0,1,0,0,1,0,0,0,2,0,0,4
2021/9/19,48,0,0,0,2,0,1,1,2,0,0,1,2,16,7,0,0,0,0,0,0,0,0,6,3,0,0,3,2,1,0,0,0,0,0,0,0,0,0,0,0,0,0,0,0,0,1,0
2021/9/20,29,1,0,0,0,0,0,0,0,1,1,3,6,4,0,0,0,0,0,0,0,0,3,3,0,1,0,1,0,0,0,0,0,0,0,0,0,0,0,0,0,0,0,0,0,0,1,4
2021/9/21,43,0,0,1,0,0,0,0,0,2,1,7,0,3,0,0,0,0,0,0,0,1,3,3,3,0,1,4,3,0,0,0,1,0,0,1,0,0,0,0,5,0,0,1,0,0,0,3
2021/9/22,43,0,1,0,1,0,0,0,0,0,0,3,3,16,2,0,0,0,0,0,0,0,0,2,0,0,1,9,1,1,0,0,0,0,1,0,0,0,0,0,1,0,0,0,1,0,0,0
2021/9/23,56,0,1,0,1,0,0,0,0,0,0,4,6,18,7,0,0,0,0,0,0,0,1,4,1,0,0,9,0,0,0,0,0,0,1,0,0,0,0,0,1,0,0,1,1,0,0,0
2021/9/24,46,0,0,0,1,0,0,0,0,0,0,4,2,15,6,0,1,0,0,0,0,0,0,4,0,0,1,2,1,1,0,0,0,0,0,0,0,0,0,0,2,0,0,0,0,1,1,4
2021/9/25,32,0,0,0,0,0,0,0,1,2,0,0,1,8,2,0,0,0,0,0,0,1,0,5,0,0,0,4,0,0,0,0,0,0,3,0,0,0,0,0,2,0,0,1,2,0,0,0
2021/9/26,29,0,0,0,0,0,0,0,1,0,0,2,2,11,5,0,1,0,0,0,0,0,0,4,0,0,1,1,0,0,0,0,0,0,0,0,0,0,0,0,1,0,0,0,0,0,0,0
2021/9/27,29,1,0,0,0,0,0,0,1,0,1,4,2,11,0,1,0,0,0,0,0,1,0,1,1,0,2,1,1,0,1,0,0,0,0,0,0,0,0,0,0,0,0,0,0,0,0,0
2021/9/28,40,0,0,0,0,0,0,0,0,1,0,4,0,8,2,0,0,1,0,0,0,2,1,0,0,0,2,8,2,1,0,0,0,0,0,0,0,0,0,0,1,0,0,1,0,0,1,5
2021/9/29,54,0,0,0,1,0,0,0,0,0,1,1,1,17,6,1,0,0,0,0,1,1,0,4,2,1,4,10,1,1,0,0,0,0,0,0,0,0,0,0,0,0,0,0,0,1,0,0
2021/9/30,43,0,0,0,0,0,0,0,0,1,0,0,7,12,3,0,0,0,1,0,0,0,0,2,0,0,5,3,1,0,1,0,0,0,0,0,0,0,0,0,2,0,0,0,0,0,0,5
2021/10/1,35,0,1,0,0,0,0,0,0,0,0,3,1,14,3,0,0,0,0,0,0,1,1,2,0,0,2,1,0,0,0,0,1,0,0,0,0,0,0,0,0,0,0,0,0,0,0,5
2021/10/2,33,0,0,0,0,0,0,0,0,1,0,1,1,13,3,0,0,0,0,0,0,0,0,1,1,0,0,4,0,0,0,0,0,1,0,0,0,0,0,0,1,0,1,0,0,0,0,5
2021/10/3,14,0,0,0,0,0,0,0,1,0,0,0,1,7,2,0,0,0,0,0,0,0,0,1,0,0,0,0,0,0,0,0,0,0,0,0,0,1,0,0,1,0,0,0,0,0,0,0
2021/10/4,26,0,0,0,0,0,0,0,0,0,0,2,0,6,4,0,1,0,0,0,0,0,1,1,0,1,1,1,0,0,0,0,0,0,1,0,0,0,0,0,0,0,0,0,1,0,0,6
2021/10/5,33,1,0,0,0,0,0,0,0,0,0,0,2,5,2,0,0,0,0,0,0,0,2,1,0,1,1,6,1,0,0,0,0,0,1,1,1,0,0,0,2,0,0,0,2,0,0,4
2021/10/6,30,0,2,0,0,0,0,0,0,0,1,2,1,10,5,0,0,0,0,0,0,1,0,2,0,0,1,4,0,0,0,0,0,0,0,0,0,0,0,0,1,0,0,0,0,0,0,0
2021/10/7,37,1,0,0,0,0,0,0,0,0,0,0,1,19,0,1,0,0,0,0,0,0,0,2,0,0,1,5,0,0,0,0,0,0,1,0,0,1,0,0,0,0,0,0,0,0,0,5
2021/10/8,46,0,0,1,0,0,0,0,1,0,0,2,0,18,4,0,0,0,0,0,0,0,0,1,0,0,2,13,0,0,0,0,0,0,0,0,0,0,0,0,0,0,0,0,0,0,0,4
2021/10/9,25,0,0,0,0,1,0,0,0,0,0,0,2,9,5,0,0,0,0,0,0,0,0,0,0,0,2,0,0,0,1,0,0,0,0,0,0,0,0,0,0,0,0,0,0,0,0,5
2021/10/10,14,0,0,0,0,0,0,0,0,0,0,0,0,7,2,0,0,1,0,0,0,0,0,2,0,0,0,2,0,0,0,0,0,0,0,0,0,0,0,0,0,0,0,0,0,0,0,0
2021/10/11,18,0,0,0,0,0,0,0,0,0,0,0,0,6,0,0,0,2,0,0,0,0,0,0,0,0,0,0,2,0,0,0,0,0,0,1,0,0,1,0,1,0,1,0,0,0,0,4
2021/10/12,27,0,0,0,0,0,0,1,0,0,1,3,3,10,0,0,0,1,0,0,0,0,0,2,0,0,0,2,1,0,0,0,1,0,0,0,0,0,0,0,2,0,0,0,0,0,0,0
2021/10/13,34,0,0,0,0,0,0,0,0,0,0,1,0,13,1,0,0,1,0,0,0,0,0,3,0,0,2,8,0,0,0,0,0,0,0,0,0,0,0,0,0,0,0,0,0,0,0,5
2021/10/14,31,0,0,0,0,0,0,0,0,0,0,3,1,12,2,0,0,0,0,0,0,0,0,1,0,0,0,3,0,0,0,0,0,0,0,1,0,0,0,0,1,0,0,1,0,0,0,6
2021/10/15,26,0,0,0,1,0,0,0,0,0,0,0,4,7,4,0,0,0,0,0,0,1,0,0,0,0,0,2,0,0,0,0,0,0,0,0,0,0,0,1,0,0,0,0,0,0,0,6
2021/10/16,14,0,0,0,0,0,0,0,0,0,0,2,1,7,1,0,0,0,0,0,0,0,0,0,0,0,1,2,0,0,0,0,0,0,0,0,0,0,0,0,0,0,0,0,0,0,0,0
2021/10/17,11,0,0,0,0,0,0,0,0,0,1,2,0,6,0,0,0,0,0,0,0,0,0,0,0,0,0,1,0,0,0,0,0,0,0,0,0,0,0,0,0,1,0,0,0,0,0,0
2021/10/18,18,0,0,0,0,0,0,0,1,0,0,0,1,6,1,0,0,0,0,0,0,0,0,1,0,0,0,4,0,0,0,0,0,0,0,0,0,0,0,0,1,0,0,0,0,0,0,3
2021/10/19,25,0,0,0,0,0,0,0,0,0,1,2,3,13,1,0,0,0,0,0,0,0,0,0,0,0,0,3,2,0,0,0,0,0,0,0,0,0,0,0,0,0,0,0,0,0,0,0
2021/10/20,11,0,0,0,0,0,0,0,0,0,0,1,0,5,1,0,0,0,0,0,0,0,0,2,0,0,0,1,0,0,0,0,0,0,0,0,0,0,0,0,1,0,0,0,0,0,0,0
2021/10/21,16,0,0,0,0,0,0,0,0,0,0,1,1,2,2,0,0,0,0,0,0,0,0,0,0,0,0,6,0,0,0,0,0,0,0,1,0,0,0,0,0,0,0,0,0,0,0,3
2021/10/22,10,1,0,0,0,0,0,0,0,0,0,2,1,1,2,0,0,0,0,0,0,0,0,0,0,1,0,2,0,0,0,0,0,0,0,0,0,0,0,0,0,0,0,0,0,0,0,0
2021/10/23,8,0,0,0,0,0,0,0,0,0,0,2,0,1,3,0,0,0,0,0,0,0,0,0,0,0,0,1,0,0,0,0,0,0,1,0,0,0,0,0,0,0,0,0,0,0,0,0
2021/10/24,8,0,0,0,0,0,0,0,0,0,0,3,0,0,1,0,0,0,0,0,0,0,0,0,0,0,0,0,0,0,0,0,0,0,0,0,0,0,0,0,0,0,0,0,0,0,0,4
2021/10/25,8,0,0,0,0,0,0,0,0,0,0,1,0,3,0,0,0,0,0,0,0,0,0,0,0,0,0,1,1,0,0,0,0,0,1,0,0,0,0,0,0,0,0,0,0,0,1,0
2021/10/26,14,0,0,0,0,0,0,0,0,0,0,1,1,5,0,0,1,0,0,0,0,0,0,0,0,0,0,2,0,0,0,0,0,0,0,0,0,0,0,0,0,0,0,0,0,0,0,4
2021/10/27,7,0,0,0,0,0,0,0,0,0,0,2,0,2,0,0,0,0,0,0,0,1,0,1,0,0,0,1,0,0,0,0,0,0,0,0,0,0,0,0,0,0,0,0,0,0,0,0
2021/10/28,9,0,0,0,0,0,0,0,0,0,0,1,0,3,0,0,0,0,0,0,0,0,0,0,0,0,0,0,0,0,0,0,0,0,1,0,0,0,0,0,0,0,0,0,0,0,0,4
2021/10/29,16,0,0,0,0,0,0,0,0,0,0,1,0,12,1,0,0,0,1,0,0,0,0,0,0,0,0,1,0,0,0,0,0,0,0,0,0,0,0,0,0,0,0,0,0,0,0,0
2021/10/30,8,0,0,0,0,0,0,0,0,0,0,0,1,5,1,0,0,0,0,0,0,0,0,0,0,0,1,0,0,0,0,0,0,0,0,0,0,0,0,0,0,0,0,0,0,0,0,0
2021/10/31,7,1,0,0,0,0,0,0,0,0,0,3,0,0,0,0,0,0,0,0,0,0,0,0,0,0,0,0,0,0,0,0,0,0,0,0,0,0,0,0,0,0,0,0,0,0,0,3
2021/11/1,7,0,0,0,0,0,0,0,0,0,0,0,0,1,0,0,0,0,0,0,0,0,0,0,0,0,0,2,0,0,0,0,0,0,0,0,0,0,0,0,0,0,0,0,0,0,0,4
2021/11/2,7,0,0,0,0,0,0,0,0,0,0,1,1,1,0,0,0,0,0,0,0,0,0,0,0,0,0,0,0,0,0,0,0,0,0,0,0,0,0,0,0,0,0,0,0,0,0,4
2021/11/3,8,0,0,0,0,0,0,0,0,0,0,0,0,3,0,0,0,0,0,0,1,0,0,0,0,0,0,0,0,0,0,0,0,0,0,0,0,0,0,0,0,0,0,0,0,0,0,4
2021/11/4,6,1,0,0,0,0,0,0,0,0,0,0,0,2,0,0,0,0,0,0,0,0,0,0,0,0,0,0,1,0,0,0,0,0,0,0,0,0,0,1,0,0,0,0,0,0,0,1
2021/11/5,10,0,0,0,0,0,0,0,0,0,0,1,1,1,0,0,0,0,0,0,0,0,0,0,0,0,0,6,0,0,0,0,0,0,0,0,0,0,0,0,1,0,0,0,0,0,0,0
2021/11/6,3,0,0,0,0,0,0,0,0,0,0,0,0,0,2,0,0,0,0,0,0,0,0,0,0,1,0,0,0,0,0,0,0,0,0,0,0,0,0,0,0,0,0,0,0,0,0,0
2021/11/7,1,0,0,0,0,0,0,0,0,0,0,0,0,0,1,0,0,0,0,0,0,0,0,0,0,0,0,0,0,0,0,0,0,0,0,0,0,0,0,0,0,0,0,0,0,0,0,0
2021/11/8,3,0,0,0,0,0,0,0,0,0,0,1,0,1,0,0,0,0,0,0,0,0,0,0,0,0,0,1,0,0,0,0,0,0,0,0,0,0,0,0,0,0,0,0,0,0,0,0
2021/11/9,3,0,0,0,0,0,0,0,0,0,0,1,0,1,0,0,0,0,0,0,0,0,0,0,0,0,0,0,0,0,0,0,0,0,0,0,0,0,0,0,0,0,0,0,0,0,0,1
2021/11/10,2,0,0,0,0,0,0,0,1,0,0,0,0,0,0,0,0,0,0,0,0,0,0,0,0,0,0,1,0,0,0,0,0,0,0,0,0,0,0,0,0,0,0,0,0,0,0,0
2021/11/11,5,0,0,0,0,0,0,0,0,1,0,1,0,1,0,0,0,0,0,0,0,0,0,1,0,0,0,1,0,0,0,0,0,0,0,0,0,0,0,0,0,0,0,0,0,0,0,0
2021/11/12,0,0,0,0,0,0,0,0,0,0,0,0,0,0,0,0,0,0,0,0,0,0,0,0,0,0,0,0,0,0,0,0,0,0,0,0,0,0,0,0,0,0,0,0,0,0,0,0
2021/11/13,2,0,0,0,0,0,0,0,0,0,0,1,0,0,0,0,0,0,0,0,0,0,0,0,0,0,0,0,0,0,0,0,0,0,0,0,0,0,0,0,0,0,0,0,0,0,0,1
2021/11/14,2,0,0,0,0,0,0,0,0,0,0,2,0,0,0,0,0,0,0,0,0,0,0,0,0,0,0,0,0,0,0,0,0,0,0,0,0,0,0,0,0,0,0,0,0,0,0,0
2021/11/15,0,0,0,0,0,0,0,0,0,0,0,0,0,0,0,0,0,0,0,0,0,0,0,0,0,0,0,0,0,0,0,0,0,0,0,0,0,0,0,0,0,0,0,0,0,0,0,0
2021/11/16,4,0,0,0,0,0,0,0,0,0,0,1,0,0,0,0,0,0,0,0,0,0,0,1,0,0,0,2,0,0,0,0,0,0,0,0,0,0,0,0,0,0,0,0,0,0,0,0
2021/11/17,5,0,0,0,0,0,0,0,1,0,0,1,0,2,1,0,0,0,0,0,0,0,0,0,0,0,0,0,0,0,0,0,0,0,0,0,0,0,0,0,0,0,0,0,0,0,0,0
2021/11/18,6,0,0,0,0,0,0,1,0,0,0,0,1,1,0,0,0,0,0,0,0,0,0,1,0,0,0,2,0,0,0,0,0,0,0,0,0,0,0,0,0,0,0,0,0,0,0,0
2021/11/19,0,0,0,0,0,0,0,0,0,0,0,0,0,0,0,0,0,0,0,0,0,0,0,0,0,0,0,0,0,0,0,0,0,0,0,0,0,0,0,0,0,0,0,0,0,0,0,0
2021/11/20,5,0,0,0,0,0,0,0,0,0,0,0,0,2,0,0,0,0,0,0,0,0,0,0,0,0,0,2,0,0,0,0,0,0,0,0,1,0,0,0,0,0,0,0,0,0,0,0
2021/11/21,0,0,0,0,0,0,0,0,0,0,0,0,0,0,0,0,0,0,0,0,0,0,0,0,0,0,0,0,0,0,0,0,0,0,0,0,0,0,0,0,0,0,0,0,0,0,0,0
2021/11/22,2,0,0,0,0,0,0,0,0,0,0,0,1,1,0,0,0,0,0,0,0,0,0,0,0,0,0,0,0,0,0,0,0,0,0,0,0,0,0,0,0,0,0,0,0,0,0,0
2021/11/23,2,0,0,0,0,0,0,0,0,0,0,1,0,0,0,0,0,0,0,0,0,0,0,0,0,0,0,0,0,0,0,0,0,0,0,0,0,0,0,0,1,0,0,0,0,0,0,0
2021/11/24,1,0,0,0,0,0,0,0,0,0,0,0,0,0,0,0,0,0,0,0,0,0,0,0,0,0,0,0,0,0,0,0,0,0,0,0,0,0,0,0,1,0,0,0,0,0,0,0
2021/11/25,1,0,0,0,0,0,0,0,0,0,0,0,0,0,0,0,0,0,0,0,0,0,0,1,0,0,0,0,0,0,0,0,0,0,0,0,0,0,0,0,0,0,0,0,0,0,0,0
2021/11/26,4,0,0,0,0,0,0,0,0,0,0,0,0,0,1,0,0,0,0,0,0,0,0,1,0,0,0,2,0,0,0,0,0,0,0,0,0,0,0,0,0,0,0,0,0,0,0,0
2021/11/27,1,0,0,0,0,0,0,0,0,0,0,1,0,0,0,0,0,0,0,0,0,0,0,0,0,0,0,0,0,0,0,0,0,0,0,0,0,0,0,0,0,0,0,0,0,0,0,0
2021/11/28,0,0,0,0,0,0,0,0,0,0,0,0,0,0,0,0,0,0,0,0,0,0,0,0,0,0,0,0,0,0,0,0,0,0,0,0,0,0,0,0,0,0,0,0,0,0,0,0
2021/11/29,1,0,0,0,0,0,0,0,0,0,0,0,0,1,0,0,0,0,0,0,0,0,0,0,0,0,0,0,0,0,0,0,0,0,0,0,0,0,0,0,0,0,0,0,0,0,0,0
2021/11/30,1,0,0,0,0,0,0,0,0,0,0,0,0,1,0,0,0,0,0,0,0,0,0,0,0,0,0,0,0,0,0,0,0,0,0,0,0,0,0,0,0,0,0,0,0,0,0,0
2021/12/1,2,0,0,0,0,0,0,0,0,0,0,0,0,1,1,0,0,0,0,0,0,0,0,0,0,0,0,0,0,0,0,0,0,0,0,0,0,0,0,0,0,0,0,0,0,0,0,0
2021/12/2,1,0,0,0,0,0,0,0,0,0,0,0,0,0,0,0,0,0,0,0,0,0,0,0,0,0,0,0,0,0,0,0,0,0,0,0,0,0,0,0,1,0,0,0,0,0,0,0
2021/12/3,1,0,0,0,0,0,0,0,0,0,0,0,0,1,0,0,0,0,0,0,0,0,0,0,0,0,0,0,0,0,0,0,0,0,0,0,0,0,0,0,0,0,0,0,0,0,0,0
2021/12/4,0,0,0,0,0,0,0,0,0,0,0,0,0,0,0,0,0,0,0,0,0,0,0,0,0,0,0,0,0,0,0,0,0,0,0,0,0,0,0,0,0,0,0,0,0,0,0,0
2021/12/5,0,0,0,0,0,0,0,0,0,0,0,0,0,0,0,0,0,0,0,0,0,0,0,0,0,0,0,0,0,0,0,0,0,0,0,0,0,0,0,0,0,0,0,0,0,0,0,0
2021/12/6,1,0,0,0,0,0,0,0,0,0,0,1,0,0,0,0,0,0,0,0,0,0,0,0,0,0,0,0,0,0,0,0,0,0,0,0,0,0,0,0,0,0,0,0,0,0,0,0
2021/12/7,2,0,0,0,0,0,0,0,0,0,0,1,0,0,0,0,0,0,0,0,0,0,0,0,0,0,0,0,1,0,0,0,0,0,0,0,0,0,0,0,0,0,0,0,0,0,0,0
2021/12/8,2,1,0,0,0,0,0,0,0,0,0,0,0,1,0,0,0,0,0,0,0,0,0,0,0,0,0,0,0,0,0,0,0,0,0,0,0,0,0,0,0,0,0,0,0,0,0,0
2021/12/9,2,0,0,0,0,0,0,0,0,0,0,0,0,1,1,0,0,0,0,0,0,0,0,0,0,0,0,0,0,0,0,0,0,0,0,0,0,0,0,0,0,0,0,0,0,0,0,0
2021/12/10,1,0,0,0,0,0,0,0,0,0,0,0,0,0,0,0,0,0,0,0,0,0,0,0,0,0,0,0,1,0,0,0,0,0,0,0,0,0,0,0,0,0,0,0,0,0,0,0
2021/12/11,1,1,0,0,0,0,0,0,0,0,0,0,0,0,0,0,0,0,0,0,0,0,0,0,0,0,0,0,0,0,0,0,0,0,0,0,0,0,0,0,0,0,0,0,0,0,0,0
2021/12/12,0,0,0,0,0,0,0,0,0,0,0,0,0,0,0,0,0,0,0,0,0,0,0,0,0,0,0,0,0,0,0,0,0,0,0,0,0,0,0,0,0,0,0,0,0,0,0,0
2021/12/13,1,0,0,0,0,0,0,0,0,0,0,0,0,1,0,0,0,0,0,0,0,0,0,0,0,0,0,0,0,0,0,0,0,0,0,0,0,0,0,0,0,0,0,0,0,0,0,0
2021/12/14,1,0,0,0,0,0,0,0,0,0,0,0,0,1,0,0,0,0,0,0,0,0,0,0,0,0,0,0,0,0,0,0,0,0,0,0,0,0,0,0,0,0,0,0,0,0,0,0
2021/12/15,1,0,0,0,0,0,0,0,0,0,0,0,0,0,0,0,0,0,0,0,0,0,0,0,0,0,1,0,0,0,0,0,0,0,0,0,0,0,0,0,0,0,0,0,0,0,0,0
2021/12/16,2,0,0,0,0,0,0,0,0,0,0,0,0,0,0,1,0,0,0,0,0,1,0,0,0,0,0,0,0,0,0,0,0,0,0,0,0,0,0,0,0,0,0,0,0,0,0,0
2021/12/17,1,0,0,0,0,0,0,0,0,0,0,0,0,0,1,0,0,0,0,0,0,0,0,0,0,0,0,0,0,0,0,0,0,0,0,0,0,0,0,0,0,0,0,0,0,0,0,0
2021/12/18,0,0,0,0,0,0,0,0,0,0,0,0,0,0,0,0,0,0,0,0,0,0,0,0,0,0,0,0,0,0,0,0,0,0,0,0,0,0,0,0,0,0,0,0,0,0,0,0
2021/12/19,0,0,0,0,0,0,0,0,0,0,0,0,0,0,0,0,0,0,0,0,0,0,0,0,0,0,0,0,0,0,0,0,0,0,0,0,0,0,0,0,0,0,0,0,0,0,0,0
2021/12/20,0,0,0,0,0,0,0,0,0,0,0,0,0,0,0,0,0,0,0,0,0,0,0,0,0,0,0,0,0,0,0,0,0,0,0,0,0,0,0,0,0,0,0,0,0,0,0,0
2021/12/21,2,0,0,0,0,0,0,0,0,0,0,0,0,0,1,0,0,1,0,0,0,0,0,0,0,0,0,0,0,0,0,0,0,0,0,0,0,0,0,0,0,0,0,0,0,0,0,0
2021/12/22,2,0,0,0,0,0,0,0,0,0,0,0,0,1,1,0,0,0,0,0,0,0,0,0,0,0,0,0,0,0,0,0,0,0,0,0,0,0,0,0,0,0,0,0,0,0,0,0
2021/12/23,3,0,0,0,0,0,0,0,0,0,0,0,0,0,1,0,0,1,0,0,0,0,0,0,0,0,0,0,0,0,0,0,0,0,0,0,0,0,0,0,1,0,0,0,0,0,0,0
2021/12/24,0,0,0,0,0,0,0,0,0,0,0,0,0,0,0,0,0,0,0,0,0,0,0,0,0,0,0,0,0,0,0,0,0,0,0,0,0,0,0,0,0,0,0,0,0,0,0,0
2021/12/25,1,0,0,0,0,0,0,0,0,0,0,0,0,1,0,0,0,0,0,0,0,0,0,0,0,0,0,0,0,0,0,0,0,0,0,0,0,0,0,0,0,0,0,0,0,0,0,0
2021/12/26,0,0,0,0,0,0,0,0,0,0,0,0,0,0,0,0,0,0,0,0,0,0,0,0,0,0,0,0,0,0,0,0,0,0,0,0,0,0,0,0,0,0,0,0,0,0,0,0
2021/12/27,0,0,0,0,0,0,0,0,0,0,0,0,0,0,0,0,0,0,0,0,0,0,0,0,0,0,0,0,0,0,0,0,0,0,0,0,0,0,0,0,0,0,0,0,0,0,0,0
2021/12/28,2,0,0,0,0,0,0,0,0,0,0,0,0,1,0,0,0,1,0,0,0,0,0,0,0,0,0,0,0,0,0,0,0,0,0,0,0,0,0,0,0,0,0,0,0,0,0,0
2021/12/29,4,1,0,0,0,0,0,0,0,0,0,0,0,0,0,0,0,2,0,0,0,0,0,0,0,0,0,0,0,0,0,0,0,0,0,0,0,0,0,0,1,0,0,0,0,0,0,0
2021/12/30,0,0,0,0,0,0,0,0,0,0,0,0,0,0,0,0,0,0,0,0,0,0,0,0,0,0,0,0,0,0,0,0,0,0,0,0,0,0,0,0,0,0,0,0,0,0,0,0
2021/12/31,0,0,0,0,0,0,0,0,0,0,0,0,0,0,0,0,0,0,0,0,0,0,0,0,0,0,0,0,0,0,0,0,0,0,0,0,0,0,0,0,0,0,0,0,0,0,0,0
2022/1/1,0,0,0,0,0,0,0,0,0,0,0,0,0,0,0,0,0,0,0,0,0,0,0,0,0,0,0,0,0,0,0,0,0,0,0,0,0,0,0,0,0,0,0,0,0,0,0,0
2022/1/2,2,0,0,0,0,0,0,0,0,0,0,0,0,0,0,0,0,2,0,0,0,0,0,0,0,0,0,0,0,0,0,0,0,0,0,0,0,0,0,0,0,0,0,0,0,0,0,0
2022/1/3,1,0,0,0,0,0,0,0,0,0,1,0,0,0,0,0,0,0,0,0,0,0,0,0,0,0,0,0,0,0,0,0,0,0,0,0,0,0,0,0,0,0,0,0,0,0,0,0
2022/1/4,1,0,0,0,0,0,0,0,0,0,0,0,0,0,0,0,0,1,0,0,0,0,0,0,0,0,0,0,0,0,0,0,0,0,0,0,0,0,0,0,0,0,0,0,0,0,0,0
2022/1/5,1,0,0,0,0,0,0,0,0,0,0,0,0,0,0,1,0,0,0,0,0,0,0,0,0,0,0,0,0,0,0,0,0,0,0,0,0,0,0,0,0,0,0,0,0,0,0,0
2022/1/6,0,0,0,0,0,0,0,0,0,0,0,0,0,0,0,0,0,0,0,0,0,0,0,0,0,0,0,0,0,0,0,0,0,0,0,0,0,0,0,0,0,0,0,0,0,0,0,0
2022/1/7,2,0,0,0,0,0,0,0,0,0,1,0,0,0,0,0,0,0,0,0,0,0,0,0,0,0,0,0,0,0,0,0,0,0,1,0,0,0,0,0,0,0,0,0,0,0,0,0
2022/1/8,2,0,0,0,0,0,0,0,0,0,0,0,0,0,0,0,0,1,0,0,0,0,0,0,0,0,0,1,0,0,0,0,0,0,0,0,0,0,0,0,0,0,0,0,0,0,0,0
2022/1/9,1,0,0,0,0,0,0,0,0,0,0,0,0,0,0,0,0,0,0,0,0,0,0,0,0,0,0,1,0,0,0,0,0,0,0,0,0,0,0,0,0,0,0,0,0,0,0,0
2022/1/10,2,1,0,0,0,0,0,0,0,0,0,0,0,0,0,0,0,1,0,0,0,0,0,0,0,0,0,0,0,0,0,0,0,0,0,0,0,0,0,0,0,0,0,0,0,0,0,0
2022/1/11,2,1,0,0,0,0,0,0,0,0,1,0,0,0,0,0,0,0,0,0,0,0,0,0,0,0,0,0,0,0,0,0,0,0,0,0,0,0,0,0,0,0,0,0,0,0,0,0
2022/1/12,5,0,0,0,0,0,0,0,0,1,0,0,0,0,0,0,0,0,0,0,0,0,1,0,2,0,0,1,0,0,0,0,0,0,0,0,0,0,0,0,0,0,0,0,0,0,0,0
2022/1/13,2,0,0,0,0,0,0,0,0,0,0,0,1,1,0,0,0,0,0,0,0,0,0,0,0,0,0,0,0,0,0,0,0,0,0,0,0,0,0,0,0,0,0,0,0,0,0,0
2022/1/14,10,0,1,0,0,0,0,0,0,0,2,1,0,1,0,0,0,0,0,0,0,0,0,0,0,0,0,2,0,0,0,0,0,0,2,0,0,0,0,0,1,0,0,0,0,0,0,0
2022/1/15,6,0,0,0,0,0,0,0,0,0,1,0,0,1,1,0,0,0,0,0,0,0,0,2,0,0,0,0,0,0,0,0,0,0,0,1,0,0,0,0,0,0,0,0,0,0,0,0
2022/1/16,2,0,0,0,0,0,0,0,0,0,0,0,0,0,1,0,0,0,0,0,0,0,0,1,0,0,0,0,0,0,0,0,0,0,0,0,0,0,0,0,0,0,0,0,0,0,0,0
2022/1/17,2,0,0,0,0,0,0,0,0,0,0,0,0,1,0,0,0,0,0,0,0,0,0,0,0,0,0,0,1,0,0,0,0,0,0,0,0,0,0,0,0,0,0,0,0,0,0,0
2022/1/18,10,1,0,0,0,0,0,0,0,1,0,0,0,0,0,0,0,0,0,0,0,0,0,1,0,1,0,1,1,0,0,0,0,0,2,0,0,0,0,0,0,0,0,2,0,0,0,0
2022/1/19,13,1,0,0,0,0,0,0,0,0,0,0,0,2,1,0,0,0,0,0,0,0,0,0,0,0,0,2,1,2,0,0,0,0,2,0,0,0,0,0,0,2,0,0,0,0,0,0
2022/1/20,12,0,0,0,0,0,0,0,0,0,0,0,0,0,1,0,0,1,0,0,0,1,0,1,1,0,0,1,1,1,0,0,0,0,3,0,0,0,0,0,1,0,0,0,0,0,0,0
2022/1/21,9,0,0,0,0,0,0,0,0,1,1,1,1,0,1,0,0,0,0,0,0,0,0,0,0,0,0,2,0,0,0,0,0,0,0,0,0,0,0,0,0,0,1,1,0,0,0,0
2022/1/22,12,0,0,0,0,0,0,0,0,0,0,0,1,3,0,0,0,0,0,0,0,0,0,1,1,0,0,2,0,0,0,0,0,0,1,1,0,0,0,0,1,0,0,0,0,0,0,1
2022/1/23,16,0,0,0,0,0,0,0,0,0,1,0,3,0,4,0,0,0,0,0,0,0,0,1,0,0,0,1,0,0,2,0,0,0,1,0,0,0,0,0,3,0,0,0,0,0,0,0
2022/1/24,17,1,0,0,0,0,0,0,0,1,0,0,2,1,0,0,0,0,0,0,0,0,0,2,1,0,2,1,1,0,0,0,1,0,3,0,0,1,0,0,0,0,0,0,0,0,0,0
2022/1/25,36,4,0,0,0,0,0,0,1,0,0,2,2,0,2,0,0,0,0,0,0,1,0,3,1,0,0,10,2,1,0,0,0,0,0,0,1,0,2,1,1,0,0,0,0,0,2,0
2022/1/26,40,2,0,0,0,0,0,0,1,1,1,1,4,5,3,0,0,0,0,1,0,1,0,4,1,1,2,3,0,0,0,0,0,0,3,0,0,1,0,0,3,1,0,0,0,0,1,0
2022/1/27,43,8,0,0,0,0,0,0,1,1,1,0,3,3,0,0,0,1,0,2,0,0,1,3,0,0,1,8,2,0,0,0,0,0,3,0,0,0,0,1,0,0,1,1,1,0,1,0
2022/1/28,44,4,0,0,0,0,0,0,0,0,2,1,2,3,1,0,0,0,0,3,0,0,0,1,1,0,1,5,5,0,0,0,0,2,6,2,0,0,1,1,2,0,0,1,0,0,0,0
2022/1/29,43,1,1,0,0,0,0,2,0,0,2,0,1,3,3,0,0,0,0,0,1,0,0,2,1,0,0,6,6,0,0,0,0,1,4,2,0,1,0,0,4,0,0,1,0,1,0,0
2022/1/30,35,3,0,0,0,0,0,0,0,1,0,2,1,1,3,0,0,0,0,0,0,1,0,2,0,0,0,5,5,0,2,0,0,0,2,1,0,0,0,0,3,0,0,1,0,1,1,0
2022/1/31,28,0,1,0,0,0,0,0,2,3,1,1,2,1,1,0,0,0,0,0,0,2,1,2,0,0,0,4,3,0,1,0,0,0,1,0,0,0,0,1,0,0,0,1,0,0,0,0
2022/2/1,79,0,0,0,0,0,0,0,0,0,0,0,4,5,2,0,0,0,0,0,0,0,0,7,0,0,3,18,3,3,0,0,0,0,8,2,1,0,1,0,13,0,2,3,0,0,1,3
2022/2/2,78,2,0,0,0,0,0,0,1,1,2,0,2,6,2,0,0,0,0,0,1,2,2,10,1,2,2,19,9,2,0,0,0,0,3,1,0,2,1,0,1,0,0,1,0,0,0,3
2022/2/3,90,2,0,0,0,0,1,0,0,2,2,0,6,4,8,0,0,2,0,0,2,0,0,8,3,2,1,13,10,1,1,0,0,0,3,1,0,1,2,1,6,1,0,4,1,2,0,0
2022/2/4,92,16,0,0,0,0,0,0,0,1,2,0,7,8,4,0,0,1,0,0,0,1,4,11,1,0,3,4,7,1,1,0,1,1,3,0,0,0,1,0,7,0,0,3,0,2,2,0
2022/2/5,126,5,1,0,0,0,1,0,1,2,2,6,4,10,4,0,0,0,0,0,4,1,6,13,4,1,2,23,8,0,0,0,0,3,7,0,0,1,2,1,6,0,2,1,1,2,0,2
2022/2/6,67,5,0,0,1,0,0,0,0,1,4,1,2,5,5,0,0,0,0,0,1,0,1,10,1,0,2,5,6,0,1,0,0,3,2,1,0,1,0,0,1,1,1,3,0,1,2,0
2022/2/7,122,9,0,0,2,0,0,0,3,0,1,2,5,8,7,0,0,0,0,3,0,3,9,5,3,1,0,16,8,2,1,0,0,1,4,2,1,1,2,1,4,1,1,2,0,2,9,3
2022/2/8,141,7,4,0,0,0,0,0,3,0,2,7,4,11,1,1,0,1,0,0,5,1,2,7,6,0,3,29,13,1,2,0,0,2,4,0,2,1,0,1,14,0,1,3,0,2,1,0
2022/2/9,155,12,0,1,0,0,0,0,1,0,1,6,6,11,14,1,0,0,0,0,2,2,5,9,2,3,3,31,10,7,0,0,0,1,7,0,0,0,0,1,6,1,1,4,1,1,2,3
2022/2/10,175,9,0,0,3,2,0,2,3,2,2,7,6,13,14,0,0,2,0,0,0,0,5,14,2,0,3,24,19,2,0,0,0,4,5,0,0,2,4,0,14,1,0,2,2,3,2,2
2022/2/11,142,11,0,0,0,0,0,0,0,2,6,2,5,9,8,0,1,0,0,0,1,6,5,12,0,2,3,27,7,5,1,0,0,3,6,1,0,0,0,1,7,3,2,3,0,2,1,0
2022/2/12,143,10,0,1,0,0,0,2,2,0,1,0,5,7,18,0,0,2,0,0,0,0,7,13,2,0,5,11,10,3,4,0,0,3,2,1,0,2,1,3,13,3,2,2,0,2,3,3
2022/2/13,157,5,0,0,1,0,0,0,2,1,3,2,9,12,5,0,1,1,0,0,1,3,7,13,3,0,3,26,24,3,3,0,0,4,7,2,0,1,2,2,4,2,2,1,0,2,0,0
2022/2/14,135,17,2,0,0,0,0,0,2,5,3,6,12,7,4,0,1,1,0,0,6,1,0,7,2,1,0,9,13,3,1,0,0,3,6,0,0,2,0,0,11,0,2,1,0,1,3,3
2022/2/15,207,5,2,0,0,0,0,0,4,4,3,10,13,16,14,0,1,3,0,0,2,1,5,13,3,0,7,42,20,5,0,0,0,3,3,0,0,1,3,3,11,1,1,4,0,2,2,0
2022/2/16,253,14,2,0,0,0,1,0,3,4,0,5,14,21,17,0,0,0,0,0,4,2,4,28,6,2,7,38,24,11,3,0,0,1,14,0,0,1,1,3,13,1,3,3,0,3,0,0
2022/2/17,244,12,1,0,1,2,1,0,3,2,4,3,15,24,15,0,1,1,0,0,2,1,3,13,2,0,8,54,21,5,3,0,0,4,7,1,0,0,0,3,18,3,0,4,2,2,3,0
2022/2/18,235,7,1,0,1,0,0,0,2,2,4,7,12,26,35,0,0,0,0,1,5,2,11,24,3,0,5,39,14,2,1,3,0,2,2,0,0,1,0,3,15,0,0,1,2,1,1,0
2022/2/19,203,9,0,0,1,0,1,0,5,2,3,2,10,27,12,0,0,2,1,0,0,3,1,18,3,2,8,31,15,5,0,0,0,1,8,1,0,0,1,2,16,3,3,3,0,2,1,1
2022/2/20,185,11,0,1,1,0,1,0,4,3,0,4,10,17,17,0,0,1,0,0,0,1,2,24,0,2,4,22,20,5,3,0,0,1,11,1,0,2,0,2,9,1,1,1,0,1,2,0
2022/2/21,179,11,0,0,0,0,0,0,2,4,0,2,15,30,13,0,1,1,0,0,2,2,9,8,2,1,5,26,3,5,1,0,1,0,6,2,2,3,2,2,7,3,0,2,0,3,3,0
2022/2/22,272,14,0,1,1,0,1,2,5,2,3,6,21,25,4,1,1,0,0,0,4,2,2,16,5,4,7,63,31,9,3,0,0,1,0,3,0,1,2,3,13,1,3,6,0,2,3,1
2022/2/23,257,14,0,1,0,0,1,0,0,3,2,1,25,24,33,0,0,0,0,0,0,1,3,25,2,2,9,49,9,10,1,0,0,3,10,1,0,2,1,2,14,1,1,4,0,1,2,0
2022/2/24,226,13,2,0,5,0,0,0,2,3,1,5,14,14,13,2,0,1,0,3,0,5,6,30,4,0,7,28,20,4,1,0,0,0,10,1,0,3,1,1,9,0,2,7,3,2,1,3
2022/2/25,256,12,2,0,1,1,0,0,5,3,2,9,16,23,10,0,1,1,0,0,2,2,11,28,3,2,8,47,14,8,2,1,0,3,1,2,0,2,0,3,20,0,2,3,1,1,4,0
2022/2/26,259,10,0,1,2,0,1,0,4,2,1,6,18,29,29,0,2,2,0,0,0,3,7,27,0,1,9,49,17,5,1,0,0,8,3,2,0,1,0,1,10,1,1,5,0,1,0,0
2022/2/27,176,2,2,0,1,0,0,0,4,1,3,4,12,28,31,0,0,1,0,0,0,1,3,19,1,0,8,12,12,2,0,0,0,6,4,1,1,2,0,1,4,1,0,5,2,0,2,0
2022/2/28,187,11,1,0,1,0,0,1,2,8,1,6,8,28,8,0,1,2,0,2,5,3,3,13,4,0,8,11,21,0,0,0,0,2,4,3,0,4,2,0,13,1,0,2,1,4,3,0
2022/3/1,227,15,1,1,3,1,2,2,3,3,0,7,8,32,8,0,1,3,0,0,0,3,3,30,2,1,8,41,9,2,0,0,0,0,1,1,0,0,2,3,22,0,0,2,2,4,1,0
2022/3/2,232,8,2,0,2,0,0,1,4,5,2,10,14,31,23,3,0,1,0,2,2,5,5,15,4,2,9,35,10,1,1,0,0,0,6,0,0,1,1,1,16,1,0,4,2,0,3,0
2022/3/3,257,10,1,0,1,0,1,0,3,7,1,11,21,28,21,0,3,2,0,3,0,0,1,23,2,4,9,40,30,3,2,0,0,1,4,3,0,0,1,1,12,1,0,2,0,1,1,3
2022/3/4,255,9,3,1,2,2,1,0,5,4,3,8,18,27,21,2,0,0,0,1,2,1,2,27,0,5,9,46,11,14,0,0,0,2,5,3,1,1,0,0,10,0,0,7,0,1,1,0
2022/3/5,185,8,0,1,2,0,0,0,3,1,2,5,15,30,14,0,0,1,1,0,0,3,0,13,1,4,9,28,13,6,1,0,0,1,3,1,0,0,1,0,8,2,1,2,1,3,1,0
2022/3/6,146,7,3,0,1,2,1,0,4,0,2,1,10,12,10,0,0,2,0,0,0,2,1,13,1,2,8,29,6,2,0,1,0,3,3,1,1,2,1,0,10,0,1,3,0,0,1,0
2022/3/7,114,6,0,1,1,0,0,0,5,2,0,2,14,8,2,0,1,1,0,4,5,1,1,8,3,2,8,9,6,7,1,0,0,0,3,2,0,3,0,3,3,0,0,1,0,0,1,0
2022/3/8,232,9,0,0,2,3,3,1,7,3,5,6,11,22,11,7,0,0,0,0,0,1,4,10,2,4,9,52,19,2,0,0,0,2,3,4,0,0,1,3,14,0,1,3,3,1,3,1
2022/3/9,205,8,1,1,0,0,1,0,7,2,0,0,13,28,20,0,0,0,0,2,0,2,5,13,0,1,9,44,18,4,0,0,0,0,4,3,0,1,0,1,10,1,0,2,2,0,2,0
2022/3/10,211,7,3,0,3,0,1,0,4,6,1,7,21,30,19,0,0,2,0,1,0,1,6,21,1,2,7,26,19,3,0,0,0,1,5,1,0,1,1,1,8,0,0,2,0,0,0,0
2022/3/11,163,7,0,0,0,0,0,0,4,2,3,1,14,26,12,5,1,0,1,1,0,1,0,11,1,4,8,35,4,4,0,0,0,1,0,1,1,0,0,0,2,1,1,0,2,4,5,0
2022/3/12,169,9,0,1,1,1,0,0,0,3,1,10,15,14,26,0,1,0,0,0,0,0,2,27,2,0,6,13,17,7,0,0,0,1,0,0,1,0,1,1,4,2,1,0,0,2,0,0
2022/3/13,125,3,1,1,5,0,0,0,5,1,1,6,9,9,6,0,0,0,0,0,0,0,3,13,1,1,6,12,21,1,0,0,0,1,4,2,0,2,0,1,0,0,1,0,1,4,4,0
2022/3/14,108,5,0,0,0,0,0,0,4,0,0,8,8,17,2,0,1,0,0,2,2,3,1,3,0,2,6,9,6,0,1,0,0,1,1,2,0,2,1,2,10,1,0,3,3,1,1,0
2022/3/15,180,10,1,1,2,2,1,0,3,0,1,8,19,15,8,0,0,1,0,0,0,3,0,7,0,4,9,45,12,4,0,1,0,2,0,0,0,4,0,1,8,1,0,1,2,0,1,3
2022/3/16,158,5,1,0,0,0,0,0,1,1,3,9,9,21,14,0,0,0,0,1,0,1,1,8,1,4,10,36,3,2,0,0,1,1,1,3,0,0,1,1,8,1,0,2,3,2,3,0
2022/3/17,164,7,2,2,0,0,0,0,2,0,0,6,9,22,13,0,0,0,0,0,0,2,1,14,0,3,10,39,10,7,0,0,0,1,2,1,0,1,0,0,2,0,0,2,0,1,5,0
2022/3/18,155,2,0,1,1,0,0,0,4,1,1,3,15,21,12,0,0,1,0,0,1,1,0,20,0,3,10,24,7,0,0,0,0,1,3,1,0,2,0,1,11,3,1,1,2,0,1,0
2022/3/19,126,2,0,0,0,0,0,0,0,1,0,6,14,13,14,0,0,1,0,0,0,0,1,17,0,1,8,33,2,0,0,0,0,0,2,1,0,1,0,0,3,0,1,1,0,0,0,4
2022/3/20,74,4,0,0,1,0,1,0,3,1,0,2,8,8,8,0,0,0,0,0,0,1,0,5,1,0,8,7,6,1,0,0,0,0,0,1,0,1,0,0,3,0,0,1,0,1,2,0
2022/3/21,57,2,1,1,1,1,0,0,2,3,0,4,8,6,3,0,0,0,0,0,1,0,0,0,0,2,7,1,1,0,0,0,0,0,3,0,0,1,1,0,5,0,0,0,2,0,1,0
2022/3/22,70,4,0,1,2,0,0,1,2,0,2,9,2,4,1,2,0,0,0,0,0,1,1,5,0,0,8,8,2,4,0,0,0,0,1,1,0,1,0,0,0,1,0,0,3,1,3,0
2022/3/23,110,1,1,3,0,0,0,0,2,1,0,12,5,14,4,0,1,0,0,0,0,2,0,3,0,3,6,29,10,0,0,0,0,0,2,0,0,0,0,0,6,0,0,1,2,0,1,1
2022/3/24,129,6,0,1,0,1,1,0,2,1,0,10,11,16,10,0,0,2,0,0,0,0,0,6,0,0,6,26,10,0,1,0,0,0,2,1,0,3,0,0,9,0,0,0,3,1,0,0
2022/3/25,116,4,0,0,0,0,1,0,4,0,2,11,5,11,5,0,1,0,0,1,1,1,2,8,0,0,8,32,5,4,0,0,0,0,1,0,0,0,0,0,3,0,0,2,3,0,1,0
2022/3/26,98,2,0,1,1,0,0,6,0,0,0,9,7,18,7,0,1,1,0,0,0,0,0,6,0,0,9,15,7,2,0,0,0,0,0,0,1,1,1,1,1,1,0,0,0,0,0,0
2022/3/27,68,1,0,0,0,0,0,0,0,4,1,8,5,9,9,0,0,0,0,0,0,1,0,9,3,0,5,6,0,0,1,0,0,0,1,0,0,1,0,0,3,0,0,0,0,0,1,0
2022/3/28,64,1,0,0,1,0,0,0,2,1,0,7,4,0,6,0,0,0,0,0,6,0,0,3,0,0,4,1,12,0,0,0,1,2,0,0,0,1,1,1,0,1,0,3,3,0,3,0
2022/3/29,82,5,0,0,2,0,0,0,2,2,0,6,10,5,9,1,2,0,0,0,0,0,0,3,0,2,5,13,3,3,0,0,0,0,1,1,0,0,1,1,3,0,0,0,2,0,0,0
2022/3/30,97,4,0,0,0,0,0,2,2,1,4,7,4,11,5,0,0,0,0,1,0,2,1,5,0,0,5,23,3,0,1,1,0,0,1,0,0,1,0,1,4,7,0,0,0,0,0,1
2022/3/31,87,4,0,0,0,0,0,0,0,1,0,0,0,12,5,0,1,0,0,1,0,0,0,6,0,1,7,24,4,2,0,0,1,0,0,1,0,2,0,0,10,1,0,0,2,0,0,2
2022/4/1,103,3,1,0,0,1,0,0,0,1,0,19,0,9,10,2,1,0,0,0,0,2,0,5,0,0,2,34,9,0,0,0,0,0,0,0,0,2,0,0,2,0,0,0,0,0,0,0
2022/4/2,48,0,1,0,0,1,0,1,3,2,2,1,3,4,0,0,0,1,1,0,0,0,3,1,2,1,2,13,2,2,0,1,0,0,0,0,0,0,0,0,0,0,0,0,0,1,0,0
2022/4/3,38,2,2,0,0,0,0,0,0,0,2,0,3,9,6,0,1,1,0,0,0,0,0,2,1,0,0,1,6,1,0,0,0,0,0,0,0,0,0,0,1,0,0,0,0,0,0,0
2022/4/4,41,0,0,1,0,2,0,0,0,1,2,0,4,7,2,0,1,0,1,0,0,0,1,1,0,0,0,7,5,0,0,0,0,0,0,1,0,0,1,0,1,0,0,2,0,0,1,0
2022/4/5,60,3,0,0,1,0,1,0,0,2,0,0,2,9,1,1,1,0,1,0,1,0,0,4,0,2,2,16,3,1,0,1,0,0,2,1,0,0,0,0,4,0,0,1,0,0,0,0
2022/4/6,69,1,1,0,1,0,0,0,2,0,1,3,4,6,11,0,0,0,0,0,0,1,2,2,1,2,1,15,5,1,0,0,0,0,0,0,0,0,0,0,7,1,0,0,0,1,0,0
2022/4/7,72,1,1,2,0,0,0,0,5,1,0,4,3,6,8,0,2,0,0,0,0,0,2,2,3,0,2,21,2,0,0,0,0,0,0,1,0,0,0,0,4,1,1,0,0,0,0,0
2022/4/8,62,4,0,0,0,0,0,1,1,1,1,4,2,9,6,0,2,0,1,0,0,2,2,1,2,1,0,17,3,1,0,0,0,0,0,0,0,0,0,0,0,0,0,1,0,0,0,0
2022/4/9,56,1,0,0,0,0,0,0,2,1,3,2,2,6,7,0,0,0,0,0,0,0,0,4,0,2,3,15,1,0,0,0,0,1,1,0,0,1,1,0,0,2,0,0,1,0,0,0
2022/4/10,38,1,1,0,0,0,0,0,3,0,1,2,4,0,4,0,0,0,0,0,0,1,1,2,0,0,1,11,2,0,0,0,0,1,0,0,0,0,0,0,2,0,0,0,0,1,0,0
2022/4/11,37,4,1,0,1,0,1,0,1,1,1,0,1,0,5,0,2,0,0,0,0,2,1,1,1,1,1,2,2,1,0,0,0,0,2,0,0,0,2,0,3,0,0,0,0,0,0,0
2022/4/12,44,2,1,0,1,0,0,0,2,2,1,3,2,5,1,0,1,0,0,0,1,0,0,0,0,0,4,7,3,0,1,0,0,0,0,3,0,0,0,0,3,0,0,0,1,0,0,0
2022/4/13,60,0,2,1,0,2,2,0,4,1,2,4,5,5,3,0,1,0,0,0,0,0,1,3,3,0,0,11,4,1,0,0,0,0,1,0,0,2,0,0,2,0,0,0,0,0,0,0
2022/4/14,59,4,0,0,1,0,0,0,2,0,1,0,3,7,10,0,1,0,0,0,0,0,0,2,1,0,1,11,4,0,0,0,0,1,1,0,0,0,0,0,5,2,1,0,0,1,0,0
2022/4/15,61,2,0,0,1,1,1,0,2,1,1,1,6,7,4,0,0,0,0,0,0,0,0,0,1,4,2,7,5,2,0,0,0,3,1,0,0,0,1,0,5,1,0,0,1,1,0,0
2022/4/16,47,4,0,1,0,0,0,1,2,0,1,1,6,9,4,0,0,0,0,0,0,0,0,2,0,0,0,8,3,0,0,0,0,1,0,0,0,0,0,1,1,0,0,0,0,0,1,1
2022/4/17,31,1,0,0,0,0,0,0,1,1,1,0,4,5,7,0,0,0,0,0,0,0,0,1,0,0,0,5,1,0,0,0,0,0,1,0,0,0,0,0,3,0,0,0,0,0,0,0
2022/4/18,26,5,0,1,1,0,0,0,1,1,0,1,2,3,2,0,0,0,0,1,0,0,0,1,0,0,0,0,1,0,0,0,1,0,0,1,0,0,0,1,1,0,0,0,1,0,0,1
2022/4/19,53,1,0,0,1,0,1,0,1,2,1,5,4,4,0,0,0,1,0,1,0,0,2,2,1,0,1,12,2,0,0,0,1,0,1,1,0,0,0,1,5,0,1,0,0,0,1,0
2022/4/20,49,4,0,0,0,0,0,0,1,1,0,1,3,5,0,0,0,0,0,0,0,2,2,4,0,0,3,9,5,3,0,0,1,1,0,0,0,0,0,0,3,0,0,0,0,1,0,0
2022/4/21,50,3,0,0,0,0,0,0,0,0,0,1,2,8,4,0,0,0,0,0,0,1,3,2,0,1,0,9,5,3,1,0,0,1,1,0,0,0,0,0,1,0,0,1,0,1,0,2
2022/4/22,56,1,0,0,1,0,0,2,2,0,1,1,5,9,5,0,0,1,0,0,0,0,1,2,0,5,4,6,3,2,0,0,0,0,0,0,0,0,0,0,2,1,1,0,0,0,1,0
2022/4/23,27,2,1,0,0,0,0,0,0,0,0,0,4,4,0,0,0,1,0,0,0,0,0,3,2,0,2,2,1,0,0,0,0,0,0,0,0,1,0,0,1,0,0,0,1,1,1,0
2022/4/24,24,2,0,0,0,0,0,3,1,1,0,0,4,0,5,0,0,0,0,0,0,0,0,0,1,0,1,0,0,0,0,0,0,2,1,1,0,0,0,0,1,0,0,0,0,1,0,0
2022/4/25,36,2,0,1,2,2,0,0,2,0,0,1,1,5,0,0,0,0,0,1,5,0,1,0,0,1,0,0,4,0,0,0,0,0,0,0,0,1,0,0,2,0,0,0,1,0,2,2
2022/4/26,58,4,2,1,1,0,1,0,2,0,0,4,1,3,2,0,0,1,0,0,4,0,1,0,0,2,0,12,4,0,0,0,0,0,1,0,0,2,1,0,6,0,0,1,0,1,1,0
2022/4/27,65,2,0,0,2,3,1,3,0,1,1,4,0,6,3,0,0,0,0,0,0,1,2,2,1,0,0,16,2,0,0,0,0,1,3,0,0,0,0,0,4,1,0,1,2,2,1,0
2022/4/28,39,2,0,0,0,0,0,0,2,0,1,5,1,4,3,0,1,0,0,0,0,0,0,3,0,0,0,7,0,0,2,0,0,2,0,0,0,0,0,0,2,0,0,0,3,1,0,0
2022/4/29,44,1,0,1,0,0,0,3,2,0,0,3,2,5,5,0,0,1,0,0,0,0,1,1,0,0,0,4,2,0,1,0,0,3,0,0,0,0,0,0,6,0,1,0,1,1,0,0
2022/4/30,19,0,0,0,0,0,0,0,0,0,0,3,4,0,4,0,0,0,0,0,0,0,0,1,0,0,3,1,1,0,0,0,0,0,0,0,0,0,0,0,1,1,0,0,0,0,0,0
2022/5/1,32,0,1,0,0,0,0,2,0,1,0,2,2,6,0,0,1,1,0,0,0,0,0,0,0,0,1,2,1,3,0,0,0,0,0,0,1,0,1,0,2,4,0,0,0,1,0,0
2022/5/2,30,3,0,0,0,0,0,0,0,0,1,5,3,3,0,0,0,0,0,0,0,0,0,0,0,0,0,2,3,1,0,0,1,0,1,0,0,0,1,0,0,0,1,4,0,0,1,0
2022/5/3,52,2,1,0,0,3,0,2,2,0,0,3,0,4,1,0,0,0,0,0,3,0,1,2,0,0,2,13,4,1,0,0,0,0,1,0,0,0,0,0,3,2,0,0,0,0,2,0
2022/5/4,25,1,1,0,1,0,0,0,0,0,0,5,0,6,4,0,0,0,0,0,0,0,0,2,0,0,0,0,0,0,2,0,0,0,1,0,0,0,0,0,1,0,0,0,0,0,1,0
2022/5/5,18,0,1,0,1,2,0,0,0,0,0,4,1,4,0,0,0,0,0,0,0,0,0,1,0,0,0,1,0,0,0,0,0,0,0,0,0,0,0,0,0,0,1,0,0,1,1,0
2022/5/6,35,1,0,0,0,0,0,0,0,0,0,6,1,5,0,0,0,0,0,0,0,0,0,1,0,0,1,1,5,2,0,0,0,1,0,0,0,1,0,1,5,0,0,1,0,1,1,1
2022/5/7,24,0,0,0,1,0,0,0,0,0,0,6,1,6,1,0,0,0,0,0,0,0,1,1,0,0,0,2,1,0,0,0,0,0,0,1,0,0,0,1,0,1,0,0,0,1,0,0
2022/5/8,28,2,0,0,0,2,0,0,1,0,0,3,1,6,3,0,0,0,0,0,0,0,0,1,0,0,0,0,1,0,0,0,0,0,2,0,0,1,0,1,2,0,0,0,1,0,1,0
2022/5/9,30,6,0,0,0,0,2,0,0,0,0,5,0,0,1,0,0,0,0,1,0,0,0,2,0,1,0,0,4,1,0,1,0,0,0,0,0,0,0,0,5,0,0,0,0,1,0,0
2022/5/10,51,2,0,0,0,0,0,0,0,0,0,8,4,2,1,0,0,0,0,0,5,0,0,4,0,2,0,4,1,4,0,0,0,2,3,0,0,0,0,0,4,0,1,1,0,1,0,2
2022/5/11,41,1,0,0,0,0,0,0,0,0,0,7,2,5,4,0,0,0,0,0,0,0,0,1,0,1,0,8,2,3,0,1,0,0,2,0,0,0,0,0,0,0,0,1,0,0,0,3
2022/5/12,39,1,0,0,2,0,0,0,1,1,1,6,2,4,5,0,0,1,0,0,0,0,0,2,1,0,0,6,2,1,0,0,0,0,0,0,0,1,0,0,1,0,0,0,0,1,0,0
2022/5/13,31,5,0,0,0,0,0,0,3,1,0,6,3,4,1,0,0,0,0,0,0,0,0,0,1,0,0,3,0,0,0,0,0,0,0,0,0,0,0,1,2,0,0,0,0,0,1,0
2022/5/14,34,2,0,0,0,0,1,0,3,0,3,4,0,10,3,0,0,0,0,0,0,0,0,0,0,0,0,0,1,1,0,0,0,0,2,1,0,0,0,0,1,0,0,0,0,0,0,2
2022/5/15,22,3,1,0,0,1,0,0,2,1,0,3,0,7,0,0,1,0,0,0,0,0,0,1,0,0,0,1,0,0,0,0,0,0,0,0,0,0,0,0,0,0,0,0,0,1,0,0
2022/5/16,28,6,0,0,0,0,0,0,0,1,0,3,0,4,2,0,0,0,0,0,0,2,0,1,0,0,1,1,0,0,0,0,0,2,1,0,0,0,1,1,0,0,0,0,2,0,0,0
2022/5/17,33,5,0,0,0,0,0,0,0,0,1,5,0,9,1,0,0,0,0,0,4,0,0,1,0,0,1,0,4,0,0,0,0,0,0,0,0,0,0,0,1,0,0,0,0,0,1,0
2022/5/18,52,7,0,0,0,0,0,0,1,0,0,8,1,7,6,0,0,0,0,0,0,0,0,0,10,0,0,8,0,0,0,1,0,0,1,0,0,0,1,1,0,0,0,0,0,0,0,0
2022/5/19,36,0,1,0,0,0,1,0,0,1,0,6,1,5,1,0,0,1,0,0,0,0,0,3,0,2,1,7,2,2,0,0,0,0,1,0,0,0,0,0,0,0,0,0,0,1,0,0
2022/5/20,44,3,1,0,1,1,0,2,0,0,0,9,3,7,1,0,0,0,0,0,0,1,2,2,0,0,0,8,1,0,0,1,0,0,0,0,0,0,0,0,1,0,0,0,0,0,0,0
2022/5/21,37,1,1,0,1,0,1,0,0,0,1,3,0,7,3,0,0,0,0,0,0,1,0,1,0,0,2,6,1,0,0,0,0,2,2,0,0,0,0,0,1,0,0,0,0,0,1,2
2022/5/22,16,1,0,0,0,0,0,0,0,0,1,3,0,6,0,0,0,0,0,0,0,1,0,0,0,0,0,0,0,0,0,1,0,0,0,0,1,0,0,0,1,0,0,0,0,0,1,0
2022/5/23,30,3,0,0,0,0,0,0,0,0,0,4,4,6,1,0,0,0,0,0,0,0,0,0,1,0,1,2,1,0,0,0,0,0,0,0,0,0,0,0,3,0,0,1,0,0,1,2
2022/5/24,32,1,0,1,0,0,0,0,1,1,0,7,0,5,0,0,0,0,0,0,3,1,0,1,0,0,0,3,3,0,0,0,0,0,2,0,0,0,0,1,0,0,0,0,0,1,1,0
2022/5/25,49,1,0,0,0,0,0,2,1,0,1,5,1,8,7,0,0,1,0,0,0,0,1,4,2,0,1,5,2,0,0,1,0,0,1,0,1,0,0,0,2,0,0,0,1,0,1,0
2022/5/26,40,3,0,2,0,0,1,0,0,0,2,6,0,10,3,0,0,0,0,0,0,1,1,4,0,0,0,2,0,1,0,0,0,0,0,0,0,0,0,0,2,0,0,1,0,0,1,0
2022/5/27,39,2,0,0,0,1,1,0,0,0,0,5,0,8,3,0,0,0,0,0,0,3,1,6,0,0,1,3,2,0,0,0,0,0,0,1,0,0,0,1,1,0,0,0,0,0,0,0
2022/5/28,39,3,0,1,0,0,0,2,2,0,0,4,3,7,6,0,0,0,0,0,0,0,0,1,0,0,1,2,0,0,0,0,0,0,1,0,0,0,0,1,2,0,0,0,0,0,3,0
